Sample title,sample_description,taxon_id,sequencing_platform,library_strategy,library_source,library_selection,library_layout,indexing_layout,nominal_length,forward_read_file_name,forward_read_file_checksum,reverse_read_file_name,reverse_read_file_checksum,checksum_method,environmental package,Event Date/Time,Latitude Start,Longitude Start,environment (biome),environment (material),environment (feature),project name,Marine Region,Sampling Site,Sampling Platform,Depth,Protocol Label,Temperature,Salinity,Sampling Campaign,SAMPLING_Investigators,SAMPLING_Objective,EVENT_Device,EVENT_Method,EVENT_Comment,SAMPLE_Quantity (L),SAMPLE_Filtration time (min),SAMPLE_Container,SAMPLE_Content,SAMPLE_Size-Fraction_Upper-Threshold,SAMPLE_Size-Fraction_Lower-Threshold,SAMPLE_Treatment_Chemicals,SAMPLE_Treatment_Storage
OSD2_2019-06_1_NPL022,surface water sample from the Western English Channel,https://www.ncbi.nlm.nih.gov/Taxonomy/Browser/wwwtax.cgi?id=408172,Illumina_MiSeq,AMPLICON,METAGENOMIC,PCR,paired,Two-step PCR Nextera XT CDI,460,OSD2-2019_S102_L001_R1_001.fastq.gz,9ab410e740276f49dd7f24c153e208683e14c034a9d15de61a432b80c1fe4e94,OSD2-2019_S102_L001_R2_001.fastq.gz,3a4482307884563d8fed1266bba4a3594f3d35ffeab170c3f60ed70301239732,SHA-256,water,2019-06-26T13:05:00Z/2019-06-26T13:25:00Z,48.78,-3.94,neritic epipelagic zone biome [ENVO:01000042], sea water [ENVO:00002149], microbial community [PCO:1000004],Ocean Sampling Day,https://www.marineregions.org/gazetteer.php?p=details&id=2389,"OSD2, Roscoff Astan France",RV Neomysis,1,NPL022,14.16,35.21,OSD-Jun-2019,"JEANTHON, Christian/ GARCZAREK Laurence/ CARIOU Thierry, jeanthon@sb-roscoff.fr/garczare@sb-roscoff.fr/cariou@sb-roscoff.fr",not provided,Hand pump,Hand pumping,few wind and foggy,4.00,50,Sterivex,particulate matter,no prefiltration,0.22,none,-80
OSD2_2019-06_1_NPL022,,,,,,,,,180,OSD2-2019_S6_L001_R1_001.fastq.gz,672a32c867ceff20cb8e72e7a1c0bad9752e93f2cbc85b5f9b9d26854fd78ff1,OSD2-2019_S6_L001_R2_001.fastq.gz,5b4dffc801704697062199bbeeb82e3c540dbdb55f91cca4691ef69cbc74b786,,,,,,,,,,,,,,,,,,,,,,,,,,,,,,
OSD2_2019-06_1_NPL022,,,NovaSeq 6000,WGS,,RANDOM,,PCR-plus single index,376,CRC_CEOSDA_2_1_HYLGGDSXX.12BA043_clean.fastq.gz,f46eaeb38f52a443b7768b5e604b2e33,CRC_CEOSDA_2_2_HYLGGDSXX.12BA043_clean.fastq.gz,5050ea783f344742f6b21b009097dd87,Md5,,,,,,,,,,,,,,,,,,,,,,,,,,,,,
OSD4_2019-06_1_NPL022,surface water sample from the Tyrrhenian Sea,https://www.ncbi.nlm.nih.gov/Taxonomy/Browser/wwwtax.cgi?id=408172,Illumina_MiSeq,AMPLICON,METAGENOMIC,PCR,paired,Two-step PCR Nextera XT CDI,460,OSD4-2019_S103_L001_R1_001.fastq.gz,13bcb6aa9c07b84190e8493d4d5f88440992ab8636777e05ac5264a1c48ae5da,OSD4-2019_S103_L001_R2_001.fastq.gz,5e2994acf59c436c1a9878a3020df926298e072fec5a94c30e89581f3b2d40b1,SHA-256,water,2019-06-21T10:20:00Z/2019-06-21T14:30:00Z,40.81,14.25,marine biome [ENVO:00000447], sea water [ENVO:00002149], microbial community [PCO:1000004],Ocean Sampling Day,https://www.marineregions.org/gazetteer.php?p=details&id=25611,"OSD4, LTER MC Naples Italy",not provided,0,NPL022,26.00,37.11,OSD-Jun-2019,"CASOTTI, Rafaella/ DONNARUMMA, Vincenzo, rafaella.casotti@szn.it/ vincenzo.dommarumma@szn.it, ",not provided,Niskin bottle,not provided,not provided,1.00,40,Sterivex,not provided,no prefiltration,0.22,none,-80
OSD4_2019-06_1_NPL022,,,,,,,,,180,OSD4-2019_S7_L001_R1_001.fastq.gz,e5cb102186136805239fa1d4316770ae86a771e781265b0d30d2f019059c093f,OSD4-2019_S7_L001_R2_001.fastq.gz,55248e3509c04058d00ba6a8c766eac1d0fbf0adf48ef90c948b7323a5aefe47,,,,,,,,,,,,,,,,,,,,,,,,,,,,,,
OSD4_2019-06_1_NPL022,,,NovaSeq 6000,WGS,,RANDOM,,PCR-plus single index,376,CRC_CFOSDA_2_1_HYLGGDSXX.12BA055_clean.fastq.gz,15de2e42014bb38bae616e24dcd7e129,CRC_CFOSDA_2_2_HYLGGDSXX.12BA055_clean.fastq.gz,772f2ae92f6fae616587f890e5993562,Md5,,,,,,,,,,,,,,,,,,,,,,,,,,,,,
OSD14_2019-06_1_NPL022,surface water sample from the Mediterranean Sea,https://www.ncbi.nlm.nih.gov/Taxonomy/Browser/wwwtax.cgi?id=408172,Illumina_MiSeq,AMPLICON,METAGENOMIC,PCR,paired,Two-step PCR Nextera XT CDI,460,OSD14-2019_S104_L001_R1_001.fastq.gz,dd58d48476cef6e39d10856cd0f0197066b793b8d0b7831c4f795109b18812e5,OSD14-2019_S104_L001_R2_001.fastq.gz,15811c062c6756346691b5ab2e708e8ce8def91740491df35b7b2279257ebc93,SHA-256,water,2019-06-24T09:45:00Z/2019-06-24T09:50:00Z,42.48,3.14,marine biome [ENVO:00000447], sea water [ENVO:00002149], microbial community [PCO:1000004],Ocean Sampling Day,https://www.marineregions.org/gazetteer.php?p=details&id=25185,"OSD14, Banyuls sur Mer France",not provided,3,NPL022,20.84,37.54,OSD-Jun-2019,"CONAN, Pascal, conan@obs-banyuls.fr",not provided,CTD probe Seabird 19 and 12L Niskin bottle,sampling and sterivex filtration,not provided,4.40,120,Sterivex,not provided,no prefiltration,0.22,none,-80
OSD14_2019-06_1_NPL022,,,,,,,,,180,OSD14-2019_S8_L001_R1_001.fastq.gz,a1cdafb5de1a900e46a427e0eca099a8bee9a2b232f8516f78452e838f074a08,OSD14-2019_S8_L001_R2_001.fastq.gz,e4449f54ef83289f2d7cdfa011da841a351c70bdf47ff0615aa24c8f5170696f,,,,,,,,,,,,,,,,,,,,,,,,,,,,,,
OSD14_2019-06_1_NPL022,,,NovaSeq 6000,WGS,,RANDOM,,PCR-plus single index,376,CRC_CGOSDA_4_1_HYLGGDSXX.12BA117_clean.fastq.gz,da5457764afcfbae5401428d59d388fd,CRC_CGOSDA_4_2_HYLGGDSXX.12BA117_clean.fastq.gz,ee82f740af262fe47babad64b71fcb13,Md5,,,,,,,,,,,,,,,,,,,,,,,,,,,,,
OSD17_2019-06_1_NPL022,surface water sample from the North Sea,https://www.ncbi.nlm.nih.gov/Taxonomy/Browser/wwwtax.cgi?id=408172,Illumina_MiSeq,AMPLICON,METAGENOMIC,PCR,paired,Two-step PCR Nextera XT CDI,460,OSD17-2019_S105_L001_R1_001.fastq.gz,f3730030bd2d5fa905fab2a4c9d7d929bfc2881dd80047f6a04de026c217a157,OSD17-2019_S105_L001_R2_001.fastq.gz,03a830347c1bb7b3faba437930bb949d0b8dc30a5a12d3ea7bea16184658b592,SHA-256,water,2019-06-24T09:40:00Z/2019-06-24T09:42:00Z ,51.43,2.51,marine biome [ENVO:00000447], sea water [ENVO:00002149], microbial community [PCO:1000004],Ocean Sampling Day,https://www.marineregions.org/gazetteer.php?p=details&id=26567,"OSD17, Oostende Belgium",RV Simon Stein,3,NPL022,not provided,not provided,OSD-Jun-2019,"MORTELMANS, Jonas, /jonas.mortelmans@vliz.be",LifeWatch and OSD,Niskin bottle,not provided,not provided,3.00,not provided,Sterivex,not provided,not provided,0.22,none,-80
OSD17_2019-06_1_NPL022,,,,,,,,,180,OSD17-2019_S9_L001_R1_001.fastq.gz,35ad99de08064a5820c6e6cb4505d4bc78db6d099fd52941e4da21ab3fda665a,OSD17-2019_S9_L001_R2_001.fastq.gz,a133d59b140e696e1ad8b4d4b1d8c06ae3fe1423c1c9c92e82f70932c4255e34,,,,,,,,,,,,,,,,,,,,,,,,,,,,,,
OSD17_2019-06_1_NPL022,,,NovaSeq 6000,WGS,,RANDOM,,PCR-plus single index,376,CRC_CHOSDA_2_1_HYLGGDSXX.12BA067_clean.fastq.gz,bd10368c6c85f9ef5d7fca0d96b2f972,CRC_CHOSDA_2_2_HYLGGDSXX.12BA067_clean.fastq.gz,4dd603613636bc5aedab32b54b7fb40f,Md5,,,,,,,,,,,,,,,,,,,,,,,,,,,,,
OSD18_2019-06_1_NPL022,water sample from the Eastern Mediterranean Sea,https://www.ncbi.nlm.nih.gov/Taxonomy/Browser/wwwtax.cgi?id=408172,Illumina_MiSeq,AMPLICON,METAGENOMIC,PCR,paired,Two-step PCR Nextera XT CDI,460,OSD18-2019_S106_L001_R1_001.fastq.gz,c42ea43700990a60581c698309e43a8acaf2ebb25602fd235396af26f247444c,OSD18-2019_S106_L001_R2_001.fastq.gz,5a3866c9c32c6eab179ee130e36c1ff9fd57853055524944e7c5d8d72b259bc8,SHA-256,water,2019-06-21T08:30:00Z/2019-06-21T09:30:00Z,35.36,33.30,marine biome [ENVO:00000447], sea water [ENVO:00002149], microbial community [PCO:1000004],Ocean Sampling Day,https://www.marineregions.org/gazetteer.php?p=details&id=25196,"OSD18, Kyrenia Cyprus",RV Teal Jr,65,NPL022,17.45,39.13,OSD-Jun-2019,"SALIHOGLU, Ilkay/ SERAKINCI, Nedime, ilkay.salihoglu@kyrenia.edu.tr/nedime.serakinci@neu.edu.tr",not provided,"5L Niskin bottle, SBE 19Plus V2 Seacat Profiler","5 Liter Niskin Bottle deployed consecutively 6 times by winch to collect total of 32 liters sample water from 65 m of depth. Collected sample water simultaneously filtered through Stricup filters by using Vacuum Pumps, DNA isolated from filters.","Total DNA isolated:
Filter 1: 5.3 ng/ul, last volume 100 ul.
Filter 2: 12.73 ng/ul, last volume 100 ul.",17.00,115,PVDF Stericup 0.22μm 73mm 1000ml,particulate matter,no prefiltration,0.22,none,-80
OSD18_2019-06_1_NPL022,,,,,,,,,180,OSD18-2019_S10_L001_R1_001.fastq.gz,ba31bab3e248c6505ce2a97d98b896e2bc69bc8e55e036ea39c9af30e9285eeb,OSD18-2019_S10_L001_R2_001.fastq.gz,2315ff63fa4883f4aeff10d64dbcd6b5a54a63c909a116a16c20597f51889509,,,,,,,,,,,,,,,,,,,,,,,,,,,,,,
OSD18_2019-06_1_NPL022,,,NovaSeq 6000,WGS,,RANDOM,,PCR-plus single index,376,CRC_CIOSDA_2_1_HYLGGDSXX.12BA079_clean.fastq.gz,dbbfdacc0bd3842544521f63683c14c2,CRC_CIOSDA_2_2_HYLGGDSXX.12BA079_clean.fastq.gz,b70de17bb1eee1e228fc922bc0cd6507,Md5,,,,,,,,,,,,,,,,,,,,,,,,,,,,,
OSD22_2019-06_1_NPL022,surface water sample from the Bay of Marseille,https://www.ncbi.nlm.nih.gov/Taxonomy/Browser/wwwtax.cgi?id=408172,Illumina_MiSeq,AMPLICON,METAGENOMIC,PCR,paired,Two-step PCR Nextera XT CDI,460,OSD22-2019_S107_L001_R1_001.fastq.gz,db44389576d977234835cf85dbdd0d3dc694030ee2a0ddcfac0c6896cf9dbe6e,OSD22-2019_S107_L001_R2_001.fastq.gz,87cc9f5b16ed1131b0cc80405c70b7d3fa18d17e8e40800877a3002fe0b17a15,SHA-256,water,2019-06-21T06:29:00Z/2019-06-21T12:30:00Z,43.30,5.21,marine biome [ENVO:00000447], sea water [ENVO:00002149], microbial community [PCO:1000004],Ocean Sampling Day,https://www.marineregions.org/gazetteer.php?p=details&id=25185,"OSD22, Marseille Somlit France",Research Boat - Antedon II,2,NPL022,20.36,38.30,OSD-Jun-2019,"GREGORI, Gerald/VERNETTE, Caroline, gerald.gregon@univ_aino.fr/caroline.vesnette@mio.osypytheas.fr",prokaryotes diversity in the Bay of Marseille,3 x 18L Single Niskin bottle,not provided,not provided,5.00,35,Sterivex,not provided,not provided,0.22,none,-80
OSD22_2019-06_1_NPL022,,,,,,,,,180,OSD22-2019_S11_L001_R1_001.fastq.gz,1e47e98c9ee454e93feeb25e7a370d1632e80e16dbaa26c9121726e117d124b1,OSD22-2019_S11_L001_R2_001.fastq.gz,84db0a774d18acd515708958c445738ac5cd0c70c22403695c5744040f8b9e28,,,,,,,,,,,,,,,,,,,,,,,,,,,,,,
OSD22_2019-06_1_NPL022,,,NovaSeq 6000,WGS,,RANDOM,,PCR-plus single index,376,CRC_CJOSDA_2_1_HYLGGDSXX.12BA091_clean.fastq.gz,7a6b3fd351eb9c639c2a128b648c09a8,CRC_CJOSDA_2_2_HYLGGDSXX.12BA091_clean.fastq.gz,719e28212df76bddc27c785486d19cb7,Md5,,,,,,,,,,,,,,,,,,,,,,,,,,,,,
OSD24_2019-06_1_NPL022,surface water sample from the Mediterranean Sea,https://www.ncbi.nlm.nih.gov/Taxonomy/Browser/wwwtax.cgi?id=408172,Illumina_MiSeq,AMPLICON,METAGENOMIC,PCR,paired,Two-step PCR Nextera XT CDI,460,OSD24-2019_S109_L001_R1_001.fastq.gz,b54f4ce5f41647b7c2789331147c6603b3c6196127f4e75a36dbcacb7acce329,OSD24-2019_S109_L001_R2_001.fastq.gz,2d2827ffdd0dccbfbb02acd81fd8f939a9d8d582ee19ee2eecf852983196b927,SHA-256,water,2019-06-21T11:47:00Z/2019-06-21T12:30:00Z,35.19,-2.88,marine biome [ENVO:00000447], sea water [ENVO:00002149], microbial community [PCO:1000004],Ocean Sampling Day,https://www.marineregions.org/gazetteer.php?p=details&id=25602,"OSD24, Marchica Morroco",not provided,1,NPL022,25.00,38.18,OSD-Jun-2019,"GHAZAL, Hassan/  CHAOUNI, Bouchra, Faculty of Sciences of Oujda, hassan.ghazal@fulbrightmail.org/ bouchrachaouni@gmail.com",not provided,5L bucket,the water was collected in a 5L buckets in a specific geolocation using a boat ,not provided,1.08,43,Cryovial 5ml,particulate matter on a 142 mm PC membrane,no prefiltration,0.22,none,-80
OSD24_2019-06_1_NPL022,,,,,,,,,180,OSD24-2019_S13_L001_R1_001.fastq.gz,7b512a807671048255a219f7bfb7da072b5f7e9e7b34a64460cdb1ba232d7ed2,OSD24-2019_S13_L001_R2_001.fastq.gz,d24e1914df6b29f6f8ebc09b64d21383c5ee918fd6e7716075f5e123ea8e42eb,,,,,,,,,,,,,,,,,,,,,,,,,,,,,,
OSD24_2019-06_1_NPL022,,,NovaSeq 6000,WGS,,RANDOM,,PCR-plus single index,376,CRC_CKOSDA_2_1_HYLGGDSXX.12BA008_clean.fastq.gz,c6285595dca0d3bc1798523ae5e6c2ab,CRC_CKOSDA_2_2_HYLGGDSXX.12BA008_clean.fastq.gz,b330b1f94fd1a1e73675d36688ce0042,Md5,,,,,,,,,,,,,,,,,,,,,,,,,,,,,
OSD26_2019-06_1_NPL022,surface water sample from the Mediterranean Sea,https://www.ncbi.nlm.nih.gov/Taxonomy/Browser/wwwtax.cgi?id=408172,Illumina_MiSeq,AMPLICON,METAGENOMIC,PCR,paired,Two-step PCR Nextera XT CDI,460,OSD26-2019_S110_L001_R1_001.fastq.gz,0337555e7269973085358bfa8015d468745eaa0fb08995fa607a24800687af97,OSD26-2019_S110_L001_R2_001.fastq.gz,14b848b99da3dbd84045662e3a503e276ae82b2ad3ad4223301d143de8c2ed2c,SHA-256,water,2019-06-21T11:00:00Z/2019-06-21T11:40:00Z,35.82,-5.75,marine biome [ENVO:00000447], sea water [ENVO:00002149], microbial community [PCO:1000004],Ocean Sampling Day,https://www.marineregions.org/gazetteer.php?p=details&id=8367,"OSD26, Tangier Morroco",not provided,1,NPL022,23.50,not provided,OSD-Jun-2019,"GHAZAL, Hassan/  CHAOUNI, Bouchra/ CHAHBOUN Rajaa, Faculty of Sciences of Oujda, hassan.ghazal@fulbrightmail.org/ bouchrachaouni@gmail.com/ chahraja@hotmail.com",not provided,5L bucket,the water was collected in a 5L buckets from the coastline,not provided,1.44,49,Cryovial 5ml,particulate matter on a 142 mm PC membrane,no prefiltration,0.22,none,-80
OSD26_2019-06_1_NPL022,,,,,,,,,180,OSD26-2019_S14_L001_R1_001.fastq.gz,68bea419ce5824bc8548f65fe86d7f77dfaeae317bf06a9e376a97ce9bedabb8,OSD26-2019_S14_L001_R2_001.fastq.gz,7671b577d2be9fc3ced12625acb562a978c2d16481716b6067bfca2be6814c0b,,,,,,,,,,,,,,,,,,,,,,,,,,,,,,
OSD26_2019-06_1_NPL022,,,NovaSeq 6000,WGS,,RANDOM,,PCR-plus single index,376,CRC_CLOSDA_2_1_HYLGGDSXX.12BA020_clean.fastq.gz,d2f0ab8ecefa8051863010cae6322a43,CRC_CLOSDA_2_2_HYLGGDSXX.12BA020_clean.fastq.gz,87326f2b75eb3c17b2a3c4b49dfc9349,Md5,,,,,,,,,,,,,,,,,,,,,,,,,,,,,
OSD39_2019-06_1_NPL022,surface water sample from the Charleston Harbor,https://www.ncbi.nlm.nih.gov/Taxonomy/Browser/wwwtax.cgi?id=408172,Illumina_MiSeq,AMPLICON,METAGENOMIC,PCR,paired,Two-step PCR Nextera XT CDI,460,OSD39-2019_S118_L001_R1_001.fastq.gz,ed21a505f22fee974c8819ce6e1bd704266c83d599316fb3812fcb7089c98eb0,OSD39-2019_S118_L001_R2_001.fastq.gz,a6fb7da8b0ab8d92a075215debf4fd6c434c6f78ba36aef28176371498357aa1,SHA-256,water,2019-06-21T10:39:00Z/2019-06-21T10:45:00Z,32.75,-79.90,marine biome [ENVO:00000447], sea water [ENVO:00002149], microbial community [PCO:1000004],Ocean Sampling Day,https://www.marineregions.org/gazetteer.php?p=details&id=18952,"OSD39, Charleston Harbor USA",off cove by South Carolina Department at Natural Resources,1,NPL022,28.01,21.13,OSD-Jun-2019,"CHANG, Keity/ WADE, Joe/ DELORENZO, Marie, keity.chang@nova.gov/joe.wade@nova.gov/Marie.De.Lorenzo@nova.gov",not provided,2L Nalgene bottle,Submerged under surface to fill the bottle by hand,Prokaryotic samples,1.00,376,Sterivex,particulate matter,not provided,0.22,none,-80
OSD39_2019-06_1_NPL022,,,,,,,,,180,OSD39-2019_S22_L001_R1_001.fastq.gz,aaaedf0ebefd04347b5f9c899eca59531073c93d197e6d52283db5d1b24e89d1,OSD39-2019_S22_L001_R2_001.fastq.gz,bda3e791f0eb1cf2fec2c271c115b62489308548b160d70f9673589f2a84464f,,,,,,,,,,,,,,,,,,,,,,,,,,,,,,
OSD39_2019-06_1_NPL022,,,NovaSeq 6000,WGS,,RANDOM,,PCR-plus single index,376,CRC_CMOSDA_2_1_HYLGGDSXX.12BA032_clean.fastq.gz,ec7cb4d93d3288fb4fcf9c320956a99f,CRC_CMOSDA_2_2_HYLGGDSXX.12BA032_clean.fastq.gz,5dac718c9e7e7408bd7d039d7c1cfdf2,Md5,,,,,,,,,,,,,,,,,,,,,,,,,,,,,
OSD43_2019-06_1_NPL022,surface water sample from the Coastal Pacific Ocean,https://www.ncbi.nlm.nih.gov/Taxonomy/Browser/wwwtax.cgi?id=408172,Illumina_MiSeq,AMPLICON,METAGENOMIC,PCR,paired,Two-step PCR Nextera XT CDI,460,OSD43-2019_S119_L001_R1_001.fastq.gz,dce68eb4d0911cb373607d722ed754787c92de86d4fd23fe7b9d79bad7232060,OSD43-2019_S119_L001_R2_001.fastq.gz,d99bd84239266815fcd0dc798c5361f2605c3147ebe4a068c0c773242c1f884b,SHA-256,water,2019-06-21T12:10:00Z/2019-06-21T12:35:00Z,32.87,-117.26,marine biome [ENVO:00000447], sea water [ENVO:00002149], microbial community [PCO:1000004],Ocean Sampling Day,https://www.marineregions.org/gazetteer.php?p=details&id=25365,"OSD43, California Scripps USA",Pier with bucket,0,NPL022,18.33,34.00,OSD-Jun-2019,"GOODWIN, Kelly/ Nagarkar Montreyi, kelly.goodwin@noua.gov/mnagarka@ucsd.edu",not provided,Bucket (RNAse Away + Ethanol closed rihese 2x securelor),Pier wench,not provided,3.00,68,Sterivex,particulate matter,not provided,0.22,none,-80
OSD43_2019-06_1_NPL022,,,,,,,,,180,OSD43-2019_S23_L001_R1_001.fastq.gz,c99145453b4a4bedd5e09f3f7f0aa0357888eb682f9c58cbc9270a51638c103f,OSD43-2019_S23_L001_R2_001.fastq.gz,91f62647413686a2089cb1cd2a57205ec7cae769b9ac6de83cd10e28d62ae863,,,,,,,,,,,,,,,,,,,,,,,,,,,,,,
OSD43_2019-06_1_NPL022,,,NovaSeq 6000,WGS,,RANDOM,,PCR-plus single index,376,CRC_CNOSDA_2_1_HYLGGDSXX.12BA044_clean.fastq.gz,adaee649ef9a703ebe3fe8a2beefa3cb,CRC_CNOSDA_2_2_HYLGGDSXX.12BA044_clean.fastq.gz,19f8346478541ca20c24d36c9fbdf63d,Md5,,,,,,,,,,,,,,,,,,,,,,,,,,,,,
OSD47_2019-06_1_NPL022,surface water sample from the Adriatic Sea,https://www.ncbi.nlm.nih.gov/Taxonomy/Browser/wwwtax.cgi?id=408172,Illumina_MiSeq,AMPLICON,METAGENOMIC,PCR,paired,Two-step PCR Nextera XT CDI,460,OSD47-2019_S120_L001_R1_001.fastq.gz,ac584f13d97a037e97b6c2c045786bfc481f3e51a8b9ebca51d8eea4b4128af4,OSD47-2019_S120_L001_R2_001.fastq.gz,dab605fca6df14841e07529e9bb2b2ea5646af3d5dd89075fc101da3961c855d,SHA-256,water,2019-06-21T10:45:00Z/2019-06-21T10:45:00Z,45.50,12.42,lagoon [ENVO:00000038], sea water [ENVO:00002149], microbial community [PCO:1000004],Ocean Sampling Day,https://www.marineregions.org/gazetteer.php?p=details&id=3611,"OSD47, Venice Lagoon Italy",UNIPD Boat,0,NPL022,not provided,not provided,OSD-Jun-2019,"VEZZI, Alessandro/ DE PASCALE Fabio/ SCHIAVON Ricardo, alessandro.vezzi@unipd.it/fabio.deposcale@unipd.it/riccardo.shiavon@unipd.it",not provided,10L Bottle,Bottle immersion on sea surface by hand,not provided,0.42,4,Sterivex,particulate matter,no prefiltration,0.22,none,-80
OSD47_2019-06_1_NPL022,,,,,,,,,180,OSD47-2019_S24_L001_R1_001.fastq.gz,7d05cefbd58c8be411ddf732aec237ca4b5919650b1996bda0e66d9696ee8951,OSD47-2019_S24_L001_R2_001.fastq.gz,6116c89511f045975fed0c5c80bc8c6b8d0a7b86b0c217a4f289decf51f7d2fc,,,,,,,,,,,,,,,,,,,,,,,,,,,,,,
OSD47_2019-06_1_NPL022,,,NovaSeq 6000,WGS,,RANDOM,,PCR-plus single index,376,CRC_COOSDA_2_1_HYLGGDSXX.12BA056_clean.fastq.gz,9ba878b9c5f703f20847b0f9ca0beeb9,CRC_COOSDA_2_2_HYLGGDSXX.12BA056_clean.fastq.gz,bd8269dd9d28b0f0a1b1bc00405e98cb,Md5,,,,,,,,,,,,,,,,,,,,,,,,,,,,,
OSD48_2019-06_1_NPL022,surface water sample from the Adriatic Sea,https://www.ncbi.nlm.nih.gov/Taxonomy/Browser/wwwtax.cgi?id=408172,Illumina_MiSeq,AMPLICON,METAGENOMIC,PCR,paired,Two-step PCR Nextera XT CDI,460,OSD48-2019_S121_L001_R1_001.fastq.gz,5998f3016a2420bd29bed49fb7c8e5f268877ee5c689f75dc213e5f9d92c898a,OSD48-2019_S121_L001_R2_001.fastq.gz,a6c998a759ec3bd72d4d59f4683311b9715f934190acd3144227d86606e898ff,SHA-256,water,2019-06-21T08:28:00Z/2019-06-21T08:29:00Z,45.41,12.53,marine biome [ENVO:00000447], sea water [ENVO:00002149], microbial community [PCO:1000004],Ocean Sampling Day,https://www.marineregions.org/gazetteer.php?p=details&id=3610,"OSD48, Venice Gulf Italy",UNIPD Boat,0,NPL022,not provided,not provided,OSD-Jun-2019,"VEZZI, Alessandro/ DE PASCALE Fabio/ SCHIAVON Ricardo, alessandro.vezzi@unipd.it/fabio.deposcale@unipd.it/riccardo.shiavon@unipd.it",not provided,10L Bottle,Bottle immersion on sea surface by hand,not provided,0.66,9,Sterivex,particulate matter,no prefiltration,0.22,none,-80
OSD48_2019-06_1_NPL022,,,,,,,,,180,OSD48-2019_S25_L001_R1_001.fastq.gz,ebdb085996f587ab64e2ad46e9e55dbc2fd4d81337ecf9110106c316297bcd80,OSD48-2019_S25_L001_R2_001.fastq.gz,66dc7540cd61dfe5abeb83c106f4236379c0e1d3be962fc55fe5e9983b003bc0,,,,,,,,,,,,,,,,,,,,,,,,,,,,,,
OSD48_2019-06_1_NPL022,,,NovaSeq 6000,WGS,,RANDOM,,PCR-plus single index,376,CRC_CPOSDA_2_1_HYLGGDSXX.12BA068_clean.fastq.gz,ee5b98540593272ee34665d010b0b53a,CRC_CPOSDA_2_2_HYLGGDSXX.12BA068_clean.fastq.gz,ae8e0b7e6a2f62d7b14e55719071237c,Md5,,,,,,,,,,,,,,,,,,,,,,,,,,,,,
OSD49_2019-06_1_NPL022,surface water sample from the Gulf of Trieste,https://www.ncbi.nlm.nih.gov/Taxonomy/Browser/wwwtax.cgi?id=408172,Illumina_MiSeq,AMPLICON,METAGENOMIC,PCR,paired,Two-step PCR Nextera XT CDI,460,OSD49-2019_S122_L001_R1_001.fastq.gz,b470b14eada141dfdadae201c31952083bcb58dbeadde09e445e6121098f2d00,OSD49-2019_S122_L001_R2_001.fastq.gz,09a782bba5ff01b8f41699649e4c116164f061ddd0bb535ded737afad0b4c390,SHA-256,water,2019-06-21T12:00:00Z/2019-06-21T13:00:00Z,45.53,13.55,marine biome [ENVO:00000447], sea water [ENVO:00002149], microbial community [PCO:1000004],Ocean Sampling Day,https://www.marineregions.org/gazetteer.php?p=details&id=3385,"OSD49, Piran,Slovenia",Boja Vida,0,NPL022,24.70,37.10,OSD-Jun-2019,"TURK, Valentina/ TURK DEMRASTIA, Timotej, valentina.turk@nib.si/timotej.turkdermastia@nib.si",not provided,Sampling with boat (hired Piran Aquarium),Sampling with Niskin bottle at 5m depth (Clean bucket),Cleaning and sampling was performed according to the OSD protocol,0.50,120,Sterivex,particulate matter,no prefiltration,0.22,none,-80
OSD49_2019-06_1_NPL022,,,,,,,,,180,OSD49-2019_S26_L001_R1_001.fastq.gz,8309958103ab5d07171f6d3a18aac992f024bd0ee246987d77005b9de894f424,OSD49-2019_S26_L001_R2_001.fastq.gz,c0fd2a5b8468e00da98c3f8476e8b2a86a8630dbd92d16d31739bf67a18614e9,,,,,,,,,,,,,,,,,,,,,,,,,,,,,,
OSD49_2019-06_1_NPL022,,,NovaSeq 6000,WGS,,RANDOM,,PCR-plus single index,376,CRC_CQOSDA_2_1_HYLGGDSXX.12BA080_clean.fastq.gz,68f8d5e7f72bff4f7090b9e02116f7a8,CRC_CQOSDA_2_2_HYLGGDSXX.12BA080_clean.fastq.gz,bc3ddb5639a64342901f751f7fa91074,Md5,,,,,,,,,,,,,,,,,,,,,,,,,,,,,
OSD54_2019-06_1_NPL022,surface water sample from the Gulf of Maine,https://www.ncbi.nlm.nih.gov/Taxonomy/Browser/wwwtax.cgi?id=408172,Illumina_MiSeq,AMPLICON,METAGENOMIC,PCR,paired,Two-step PCR Nextera XT CDI,460,OSD54-2019_S123_L001_R1_001.fastq.gz,665d2e20db65ca883d5800eadc4727d8ea152d83a08da98ca18a872d8c2d836b,OSD54-2019_S123_L001_R2_001.fastq.gz,f36e87771119d533745363362f4af2cbf4d0f98de32ba6399868b362e35246a6,SHA-256,water,2019-06-21T11:35:00Z/2019-06-21T11:50:00Z,43.84,-69.64,marine biome [ENVO:00000447], sea water [ENVO:00002149], microbial community [PCO:1000004],Ocean Sampling Day,https://www.marineregions.org/gazetteer.php?p=details&id=25365,"OSD54, Maine Booth Bay USA",Floating Dock,1,NPL022,15.10,29.00,OSD-Jun-2019,"POULTON, Nicole/ LUBELCZYK, Laura/ GODRIJAN, Jelena, npoutton@bigelow.org/lluberlczyk@bigelow.org/jgodrijan@bigelow.org",collect samples off the Booth Bay Harbor Dock as part of a time series for DNA analysis and flow cytometry,5L Niskin Bottle,4 x 5L Niskin to fill a 20 L carboy,"Prokaryotic samples, not prefiltered",1.15,60,Sterivex,particulate matter,no prefiltration,0.22,none,-80
OSD54_2019-06_1_NPL022,,,,,,,,,180,OSD54-2019_S27_L001_R1_001.fastq.gz,640d0a4e87e6b6738df07e96ee0e112ab38421ef23b7b0db0ebe1c02335bd6df,OSD54-2019_S27_L001_R2_001.fastq.gz,cd1d2df56ebe2cc2dea3548a8f6c7ec46701f621ccd4dc2e9b08c5399e4077ab,,,,,,,,,,,,,,,,,,,,,,,,,,,,,,
OSD55_2019-06_1_NPL022,surface water sample from the Gulf of Maine,https://www.ncbi.nlm.nih.gov/Taxonomy/Browser/wwwtax.cgi?id=408172,Illumina_MiSeq,AMPLICON,METAGENOMIC,PCR,paired,Two-step PCR Nextera XT CDI,460,OSD55-2019_S125_L001_R1_001.fastq.gz,72f7419508c751c9671870c70c824b46c50a5904e8a8639b06e13ad731726f9f,OSD55-2019_S125_L001_R2_001.fastq.gz,96c700d8013df5227898dbd3ec999a3b3feb9499454f2fab3eb27124ce2bb519,SHA-256,water,2019-06-21T11:39:00Z/2019-06-21T11:50:00Z,43.86,-69.58,marine biome [ENVO:00000447], sea water [ENVO:00002149], microbial community [PCO:1000004],Ocean Sampling Day,https://www.marineregions.org/gazetteer.php?p=details&id=25365,"OSD55, Maine Damariscotta River USA",Floating Dock,1,NPL022,11.40,31.00,OSD-Jun-2019,"POULTON, Nicole/ LUBELCZYK, Laura/ GODRIJAN, Jelena, npoutton@bigelow.org/lluberlczyk@bigelow.org/jgodrijan@bigelow.org",collect samples of the Damariscotta river water for DNA analysis and flow cytometry,2.5L Niskin Bottle,9 x 2.5L Nisktin deployed to fill a 20L carboy,"Prokaryotic samples, not prefiltered",3.00,60,Sterivex,particulate matter,no prefiltration,0.22,none,-80
OSD55_2019-06_1_NPL022,,,,,,,,,180,OSD55-2019_S29_L001_R1_001.fastq.gz,99bcf919d2fd3e7365a99d5298794b5bebcbe31bf52f5e1c8ba5e4230428d48e,OSD55-2019_S29_L001_R2_001.fastq.gz,7b76b1b2418f81bef6f1ccf186d59881232bdb1053671e215cb6aec0371b6d5c,,,,,,,,,,,,,,,,,,,,,,,,,,,,,,
OSD55_2019-06_1_NPL022,,,NovaSeq 6000,WGS,,RANDOM,,PCR-plus single index,376,CRC_CROSDA_2_1_HYLGGDSXX.12BA092_clean.fastq.gz,29736ea47b8270306d503b759484c319,CRC_CROSDA_2_2_HYLGGDSXX.12BA092_clean.fastq.gz,336a4e8906ed233f9bfd214bc0f8a6bf,Md5,,,,,,,,,,,,,,,,,,,,,,,,,,,,,
OSD60_2019-06_1_NPL022,surface water sample from the North Inlet in N. Atlantic,https://www.ncbi.nlm.nih.gov/Taxonomy/Browser/wwwtax.cgi?id=408172,Illumina_MiSeq,AMPLICON,METAGENOMIC,PCR,paired,Two-step PCR Nextera XT CDI,460,OSD60-2019_S126_L001_R1_001.fastq.gz,ab9ddee80c5b076f722a91de25450d6be30aa8c906f94c0c302fd88f6861d478,OSD60-2019_S126_L001_R2_001.fastq.gz,1fa0e684922c223b33fa26676bcd060a323324409115e9ed6a3784ecac2f8537,SHA-256,water,2019-06-21T11:40:00Z/2019-06-21T11:42:00Z,33.33,-79.17,marine biome [ENVO:00000447], sea water [ENVO:00002149], microbial community [PCO:1000004],Ocean Sampling Day,https://www.marineregions.org/gazetteer.php?p=details&id=25365,"OSD60, South Carolina North Inlet USA",Jon Boat,0,NPL022,26.80,34.56,OSD-Jun-2019,"CHANG, Katy/ WADE, Joe/ DELAENZO Menie, katy.chang@noua.gov/joe.wade@noua.gov/ menie.delaenzo@noua.gov",not provided,2L Nalgene bottles,"Hand dipped, submerged under water to fill bottle",Prokaryotic samples,0.60,86,Sterivex,particulate matter,no prefiltration,0.22,none,-80
OSD60_2019-06_1_NPL022,,,,,,,,,180,OSD60-2019_S30_L001_R1_001.fastq.gz,9448f6568da5c9a73a5f8413a67dc714da8007fd40b0a7770e40ab4f6c9cb888,OSD60-2019_S30_L001_R2_001.fastq.gz,f2cd5087ebe8d1a6d635c021fd1c01d9c58010b6f1767adb994d8d1870692634,,,,,,,,,,,,,,,,,,,,,,,,,,,,,,
OSD60_2019-06_1_NPL022,,,NovaSeq 6000,WGS,,RANDOM,,PCR-plus single index,376,CRC_CSOSDA_2_1_HYLGGDSXX.12BA009_clean.fastq.gz,73e15c346432c8971440c4dfae174a75,CRC_CSOSDA_2_2_HYLGGDSXX.12BA009_clean.fastq.gz,c75a91aa8f872a6e1a7e317a7320fd31,Md5,,,,,,,,,,,,,,,,,,,,,,,,,,,,,
OSD63_2019-06_1_NPL022,surface water sample from the Adriatic Sea,https://www.ncbi.nlm.nih.gov/Taxonomy/Browser/wwwtax.cgi?id=408172,Illumina_MiSeq,AMPLICON,METAGENOMIC,PCR,paired,Two-step PCR Nextera XT CDI,460,OSD63-2019_S134_L001_R1_001.fastq.gz,76f71808c9bdd1792752964c1197e0915b3d6751f5bce68cf5011f67dd5358e7,OSD63-2019_S134_L001_R2_001.fastq.gz,4931316a2da55cce0974a36084a02fdc5128dccbf79861da13098cf924c873d8,SHA-256,water,2019-06-21T10:00:00Z/2019-06-21T10:30:00Z,45.31,12.51,marine biome [ENVO:00000447], sea water [ENVO:00002149], microbial community [PCO:1000004],Ocean Sampling Day,https://www.marineregions.org/gazetteer.php?p=details&id=3610,"OSD63, Venice Acqua Alta Italy","CNR ""LITUS"" Boat`",0,NPL022,25.47,32.04,OSD-Jun-2019,"CAMATTI, Elisa/ PANSERA Marco, elisa.camatti@ve.ismar.cnr.it/ marco.pansera@ve.ismar.cnr.it",not provided,Washed bucket,not provided,not provided,1.30,40,Sterivex,particulate matter,no prefiltration,0.22,none,-80
OSD63_2019-06_1_NPL022,,,,,,,,,180,OSD63-2019_S38_L001_R1_001.fastq.gz,81282d2e035178a5141adfb7a907778971ba70bce440938e78e79a6a3307e7de,OSD63-2019_S38_L001_R2_001.fastq.gz,85a4aaff9fc2a8971f8a926fbb63ec759249715547610c0062ca8c822f03a966,,,,,,,,,,,,,,,,,,,,,,,,,,,,,,
OSD63_2019-06_1_NPL022,,,NovaSeq 6000,WGS,,RANDOM,,PCR-plus single index,376,CRC_CTOSDA_2_1_HYLGGDSXX.12BA021_clean.fastq.gz,b73b0938beb160f20bf1b17279d3a2b0,CRC_CTOSDA_2_2_HYLGGDSXX.12BA021_clean.fastq.gz,c19cec72ef4ae153fa5e02a8f394afc7,Md5,,,,,,,,,,,,,,,,,,,,,,,,,,,,,
OSD69_2019-06_1_NPL022,surface water sample from the Adriatic Sea,https://www.ncbi.nlm.nih.gov/Taxonomy/Browser/wwwtax.cgi?id=408172,Illumina_MiSeq,AMPLICON,METAGENOMIC,PCR,paired,Two-step PCR Nextera XT CDI,460,OSD69-2019_S135_L001_R1_001.fastq.gz,c1dcd5d1b250f85340754b821362adcfdc5f9dcbbe382ecd4ab900b5906d4cf5,OSD69-2019_S135_L001_R2_001.fastq.gz,e2f8a71cf23d8ff76bcb35d603afe929b8f343ab3504a6436d166c59f7b68ae2,SHA-256,water,2019-06-21T13:50:00Z/2019-06-21T13:51:00Z,45.46,12.26,lagoon [ENVO:00000038], sea water [ENVO:00002149], microbial community [PCO:1000004],Ocean Sampling Day,https://www.marineregions.org/gazetteer.php?p=details&id=3611,"OSD69, Venice Marghera Italy",UNIPD Boat,0,NPL022,not provided,not provided,OSD-Jun-2019,"VEZZI, Alessandro/ DE PASCALE Fabio/ SCHIAVON Riccardo, alessandro.vezzi@unipd.it/fabio.depascale@unipd.it/riccardo.schiaon@unipd.it",not provided,10L Bottle,Bottle immersion on sea surface by hand,not provided,0.48,5,Sterivex,particulate matter,no prefiltration,0.22,none,-80
OSD69_2019-06_1_NPL022,,,,,,,,,180,OSD69-2019_S39_L001_R1_001.fastq.gz,8088dc6d2faab5f25b741f194c12d79d4d2c73d2d440eb14813f5beae1817a57,OSD69-2019_S39_L001_R2_001.fastq.gz,e98be63911be3ef81171e96a675afd84de86920623c3c0149b7c81f29797848c,,,,,,,,,,,,,,,,,,,,,,,,,,,,,,
OSD69_2019-06_1_NPL022,,,NovaSeq 6000,WGS,,RANDOM,,PCR-plus single index,376,CRC_CUOSDA_2_1_HYLGGDSXX.12BA033_clean.fastq.gz,884ce47a4edde22005deb68989a0df1b,CRC_CUOSDA_2_2_HYLGGDSXX.12BA033_clean.fastq.gz,60b432c8972545f3d626878112e3d8b7,Md5,,,,,,,,,,,,,,,,,,,,,,,,,,,,,
OSD70_2019-06_1_NPL022,surface water sample from the Adriatic Sea,https://www.ncbi.nlm.nih.gov/Taxonomy/Browser/wwwtax.cgi?id=408172,Illumina_MiSeq,AMPLICON,METAGENOMIC,PCR,paired,Two-step PCR Nextera XT CDI,460,OSD70-2019_S136_L001_R1_001.fastq.gz,81887a8f0d2b4793890e77c8b997defddc96bb0cd620078bf73ec6d3a4378920,OSD70-2019_S136_L001_R2_001.fastq.gz,dd87bf2085cfdc2cfe7cfcdce641dc4c6d457870722f478f14213c3b2bcab712,SHA-256,water,2019-06-21T07:52:00Z/2019-06-21T07:53:00Z,45.41,12.44,mediterranean sea biome [ENVO:01000047], sea water [ENVO:00002149], microbial community [PCO:1000004],Ocean Sampling Day,https://www.marineregions.org/gazetteer.php?p=details&id=3610,"OSD70, Venice Lido Italy",UNIPD Boat,0,NPL022,not provided,not provided,OSD-Jun-2019,"VEZZI, Alessandro/ DE PASCALE Fabio/ SCHIAVON Riccardo, alessandro.vezzi@unipd.it/fabio.depascale@unipd.it/riccardo.schiaon@unipd.it",not provided,10L Bottle,Bottle immersion on sea surface by hand,not provided,0.66,10,Sterivex,particulate matter,no prefiltration,0.22,none,-80
OSD70_2019-06_1_NPL022,,,,,,,,,180,OSD70-2019_S40_L001_R1_001.fastq.gz,f4a6b2ad813fd4f8ee02e3d56a4a0298871085ac1b95382e92666cff5c60901f,OSD70-2019_S40_L001_R2_001.fastq.gz,cfc57ba1cf30026f7577f4a9d79e5fd42ac64ef4f667e2584cd4423c83fe87cc,,,,,,,,,,,,,,,,,,,,,,,,,,,,,,
OSD70_2019-06_1_NPL022,,,NovaSeq 6000,WGS,,RANDOM,,PCR-plus single index,376,CRC_CVOSDA_2_1_HYLGGDSXX.12BA045_clean.fastq.gz,36bbfa0abb6c675b511f50a3bc38cca8,CRC_CVOSDA_2_2_HYLGGDSXX.12BA045_clean.fastq.gz,178b8f288751bfa14012790e13d5b12e,Md5,,,,,,,,,,,,,,,,,,,,,,,,,,,,,
OSD76_2019-06_1_NPL022,surface water sample from the NW Adriatic Sea,https://www.ncbi.nlm.nih.gov/Taxonomy/Browser/wwwtax.cgi?id=408172,Illumina_MiSeq,AMPLICON,METAGENOMIC,PCR,paired,Two-step PCR Nextera XT CDI,460,OSD76-2019_S137_L001_R1_001.fastq.gz,aa89dff9bb0a6b5da10c5123440a7cd786624978885a0d2fb877401af975fb52,OSD76-2019_S137_L001_R2_001.fastq.gz,f92ec4afdb1a0c83d2fac0cb914ed277c51d1623234ffd4ac082f07e92d69aed,SHA-256,water,2019-06-21T10:00:00Z/2019-06-21T14:00:00Z,43.96,12.94,marine biome [ENVO:00000447], sea water [ENVO:00002149], microbial community [PCO:1000004],Ocean Sampling Day,https://www.marineregions.org/gazetteer.php?p=details&id=25615,"OSD76, Foglia Italy",Athena Research Vessel Vilaiuo,1,NPL022,25.22,33.27,OSD-Jun-2019,"PENNA, Antonella/ CASABLANCA, Silvia/ RICCI, Fabio / CAPELLACCI, Samuela, antonella.penna@uniuib.it/ silvia.casablanca@uniuib.it/ fabio.ricci@uniuib.it/ samuela.capellacci@uniuib.it",prokaryotes ,10L Tanks / Multiprope,Pump,not provided,0.53,20,Sterivex,particulate matter,no prefiltration,0.22,none,-80
OSD76_2019-06_1_NPL022,,,,,,,,,180,OSD76-2019_S41_L001_R1_001.fastq.gz,95f25d6ece79e17fdfdac0ae5f09074d299e2e9173f8e4b8bbee7f6c96588e92,OSD76-2019_S41_L001_R2_001.fastq.gz,a039d2034428608c7e3ebe042e79329e6a23d731c211bb30db4116bfb94d2eac,,,,,,,,,,,,,,,,,,,,,,,,,,,,,,
OSD76_2019-06_1_NPL022,,,NovaSeq 6000,WGS,,RANDOM,,PCR-plus single index,376,CRC_CWOSDA_2_1_HYLGGDSXX.12BA057_clean.fastq.gz,c1636c54456493b7f9e3bdf369699ac1,CRC_CWOSDA_2_2_HYLGGDSXX.12BA057_clean.fastq.gz,aa54d4b0bd0594336f737648d4b3fb28,Md5,,,,,,,,,,,,,,,,,,,,,,,,,,,,,
OSD77_2019-06_1_NPL022,surface water sample from the NW Adriatic Sea,https://www.ncbi.nlm.nih.gov/Taxonomy/Browser/wwwtax.cgi?id=408172,Illumina_MiSeq,AMPLICON,METAGENOMIC,PCR,paired,Two-step PCR Nextera XT CDI,460,OSD77-2019_S138_L001_R1_001.fastq.gz,b31fe05b177357ff158dbc7762bfa53d69cab2ade5c3d658d9b2d5aa5be79e4b,OSD77-2019_S138_L001_R2_001.fastq.gz,038c3c9c9a7a52c2162c48ee334c068a7422b4ce82a395e6724872f38dd34b9e,SHA-256,water,2019-06-21T10:00:00Z/2019-06-21T14:00:00Z,43.85,13.07,marine biome [ENVO:00000447], sea water [ENVO:00002149], microbial community [PCO:1000004],Ocean Sampling Day,https://www.marineregions.org/gazetteer.php?p=details&id=25615,"OSD77, Metauro Italy",Athena Research Vessel Uzlaiuo,1,NPL022,26.19,33.57,OSD-Jun-2019,"PENNA, Antonella/ CASABLANCA, Silvia/ RICCI, Fabio / CAPELLACCI, Samuela, antonella.penna@uniuib.it/ silvia.casablanca@uniuib.it/ fabio.ricci@uniuib.it/ samuela.capellacci@uniuib.it",prokaryotes ,10L Tanks / Multiprope,Pump,not provided,0.46,20,Sterivex,particulate matter,no prefiltration,0.22,none,-80
OSD77_2019-06_1_NPL022,,,,,,,,,180,OSD77-2019_S42_L001_R1_001.fastq.gz,c97d695d70838f42f67708ebe621aef43dcf11777140511d7457cda958abf4fb,OSD77-2019_S42_L001_R2_001.fastq.gz,5e2a9b106e71a3393f58479ff39abdd3e5ccacc0e7adfdaeb86454cb6080014c,,,,,,,,,,,,,,,,,,,,,,,,,,,,,,
OSD77_2019-06_1_NPL022,,,NovaSeq 6000,WGS,,RANDOM,,PCR-plus single index,376,CRC_CXOSDA_2_1_HYLGGDSXX.12BA069_clean.fastq.gz,1c098199e3011530bd9ce98b78dc90eb,CRC_CXOSDA_2_2_HYLGGDSXX.12BA069_clean.fastq.gz,8e9b3f3088cb9bd3f89475482effe238,Md5,,,,,,,,,,,,,,,,,,,,,,,,,,,,,
OSD78_2019-06_1_NPL022,surface water sample from the Adriatic Sea,https://www.ncbi.nlm.nih.gov/Taxonomy/Browser/wwwtax.cgi?id=408172,Illumina_MiSeq,AMPLICON,METAGENOMIC,PCR,paired,Two-step PCR Nextera XT CDI,460,OSD78-2019_S139_L001_R1_001.fastq.gz,e10f5a39f633772b80d9642b231944287b8134961bb996d83d870b397d84a061,OSD78-2019_S139_L001_R2_001.fastq.gz,1c79ea30e529a91ba69470ca50a175fa6f8e765b2bb6a01a906e7e104a1163cd,SHA-256,water,2019-06-21T09:00:00Z/2019-06-21T13:00:00Z,43.57,13.60,marine biome [ENVO:00000447], sea water [ENVO:00002149], microbial community [PCO:1000004],Ocean Sampling Day,https://www.marineregions.org/gazetteer.php?p=details&id=25615,"OSD78, Conisma Italy",not provided,0,NPL022,24.90,35.09,OSD-Jun-2019,"DANOVARO, Roberto/ LUONGO, Gabriella, r.danovaro@univpm.it/gabriella.luongo@yahoo.it",OSD_78_Prok,Sampling water from the beach,Tank,Clear water mass,1.10,80,Tank,sea water,not provided,0.22,none,-20
OSD78_2019-06_1_NPL022,,,,,,,,,180,OSD78-2019_S43_L001_R1_001.fastq.gz,571fbea7d00f4f68b0f9aa254df386a470d2d40e09191ebd454e07071e18a6b5,OSD78-2019_S43_L001_R2_001.fastq.gz,bf278cce47a1ae0ffa99cb18e65825b5319cb20e982eafb61aea316f81819c1e,,,,,,,,,,,,,,,,,,,,,,,,,,,,,,
OSD78_2019-06_1_NPL022,,,NovaSeq 6000,WGS,,RANDOM,,PCR-plus single index,376,CRC_CYOSDA_2_1_HYLGGDSXX.12BA081_clean.fastq.gz,53ddb5d8a20a936d1063b709a04b8517,CRC_CYOSDA_2_2_HYLGGDSXX.12BA081_clean.fastq.gz,d90d97117211c7183cdb5d2dc39d9f04,Md5,,,,,,,,,,,,,,,,,,,,,,,,,,,,,
OSD81_2019-06_1_NPL022,surface water sample from the Ria Formosa Lagoon,https://www.ncbi.nlm.nih.gov/Taxonomy/Browser/wwwtax.cgi?id=408172,Illumina_MiSeq,AMPLICON,METAGENOMIC,PCR,paired,Two-step PCR Nextera XT CDI,460,OSD81-2019_S141_L001_R1_001.fastq.gz,1e54489b5cd0443f6512fe5a329fc23efca7d174f038c4d1bb5fb84dedefca08,OSD81-2019_S141_L001_R2_001.fastq.gz,6ba2a58279e16a0875ee2558ef65c1ce56f7f05feb4c6237514d9f2bb92752b0,SHA-256,water,2019-06-07T10:20:00Z/2019-06-07T10:30:00Z,37.01,-7.97,marine biome [ENVO:00000447], sea water [ENVO:00002149], microbial community [PCO:1000004],Ocean Sampling Day,https://www.marineregions.org/gazetteer.php?p=details&id=5349,"OSD81, Faro Ria Formosa Portugal",Channel on shore,0,NPL022,19.30,36.97,OSD-Jun-2019,"LONRO, Bruno/ Borges, Nuno, blouro@nalg.pt",not provided,not provided,not provided,not provided,1.29,not provided,not provided,not provided,not provided,0.22,none,-80
OSD81_2019-06_1_NPL022,,,,,,,,,180,OSD81-2019_S45_L001_R1_001.fastq.gz,d4b28ddf0057348d838b624285d671ea95c5672d01d0bf2c791d9ff937904931,OSD81-2019_S45_L001_R2_001.fastq.gz,7a9581f5565cd1e061afc8dabe485d0fa5925258ea947d3c424258aec1520808,,,,,,,,,,,,,,,,,,,,,,,,,,,,,,
OSD81_2019-06_1_NPL022,,,NovaSeq 6000,WGS,,RANDOM,,PCR-plus single index,376,CRC_CZOSDA_2_1_HYLGGDSXX.12BA093_clean.fastq.gz,71c4f8f1f75109c982a20f58c82553f2,CRC_CZOSDA_2_2_HYLGGDSXX.12BA093_clean.fastq.gz,e8bc6f94ebf9776ec65ac4325f08c54c,Md5,,,,,,,,,,,,,,,,,,,,,,,,,,,,,
OSD91_2019-06_1_NPL022,surface water sample from the Atlantic Ocean,https://www.ncbi.nlm.nih.gov/Taxonomy/Browser/wwwtax.cgi?id=408172,Illumina_MiSeq,AMPLICON,METAGENOMIC,PCR,paired,Two-step PCR Nextera XT CDI,460,OSD91-2019_S142_L001_R1_001.fastq.gz,0aa8334c016fa0a6a6c76bb5bc074c3ece8aa4a559f2b5f93575a5002d787317,OSD91-2019_S142_L001_R2_001.fastq.gz,14d6ff287565ed422aa3da987e9c0f5117c698e024b777557093b01de27dd65f,SHA-256,water,2019-06-21T11:10:00Z/2019-06-21T11:50:00Z,32.74,-9.04,marine biome [ENVO:00000447], sea water [ENVO:00002149], microbial community [PCO:1000004],Ocean Sampling Day,https://www.marineregions.org/gazetteer.php?p=details&id=25322,"OSD91, El Oualidia Morroco",not provided,1,NPL022,18.20,not provided,OSD-Jun-2019,"GHAZAL, Hassan/  CHAOUNI, Bouchra/ ELOTMANI, Fatima, Faculty of Sciences of Oujda, hassan.ghazal@fulbrightmail.org/ bouchrachaouni@gmail.com/ elotmanifatima@yahoo.fr",not provided,5L bucket,the water was collected in a 5L buckets in a specific geolocation,not provided,1.05,34,Cryovial 5ml,particulate matter on a 142 mm PC membrane,no prefiltration,0.22,none,-80
OSD91_2019-06_1_NPL022,,,,,,,,,180,OSD91-2019_S46_L001_R1_001.fastq.gz,5d2de54f437c9cd0895072d06a46babe12edf37f38c6e7b40e9e4ddaa1706243,OSD91-2019_S46_L001_R2_001.fastq.gz,92acb2bfe37b4637b3d8b5a24f9fae4a71a7d56c01f26064c31412cfdf23e37c,,,,,,,,,,,,,,,,,,,,,,,,,,,,,,
OSD91_2019-06_1_NPL022,,,NovaSeq 6000,WGS,,RANDOM,,PCR-plus single index,376,CRC_DAOSDA_2_1_HYLGGDSXX.12BA010_clean.fastq.gz,757992d37c3c3210d25907678d629f0a,CRC_DAOSDA_2_2_HYLGGDSXX.12BA010_clean.fastq.gz,c6235f06945d0383e9bb951fcef49faf,Md5,,,,,,,,,,,,,,,,,,,,,,,,,,,,,
OSD92_2019-06_1_NPL022,surface water sample from the Atlantic Ocean,https://www.ncbi.nlm.nih.gov/Taxonomy/Browser/wwwtax.cgi?id=408172,Illumina_MiSeq,AMPLICON,METAGENOMIC,PCR,paired,Two-step PCR Nextera XT CDI,460,OSD92-2019_S150_L001_R1_001.fastq.gz,3ca4e9a726df7960d812888d53e55372c3918b2a018c6afd5fe2f8918dcf2069,OSD92-2019_S150_L001_R2_001.fastq.gz,490e4a28d03bdb6bcbfc7a414b634d05e27fb4a22f5b181679d380d888b72188,SHA-256,water,2019-06-21T11:05:00Z/2019-06-21T11:45:00Z,33.58,-7.70,marine biome [ENVO:00000447], sea water [ENVO:00002149], microbial community [PCO:1000004],Ocean Sampling Day,https://www.marineregions.org/gazetteer.php?p=details&id=25322,"OSD92, Casablanca Morroco",not provided,1,NPL022,15.10,not provided,OSD-Jun-2019,"GHAZAL, Hassan/  CHAOUNI, Bouchra/ TIMINOUNI, Mohammed, Institut Pasteur du Maroc, hassan.ghazal@fulbrightmail.org/ bouchrachaouni@gmail.com/ mohammed.timinouni@pasteur.ma",not provided,5L bucket,the water was collected in a 5L buckets in a specific geolocation,not provided,1.09,43,Cryovial 5ml,particulate matter on a 142 mm PC membrane,no prefiltration,0.22,none,-80
OSD92_2019-06_1_NPL022,,,,,,,,,180,OSD92-2019_S54_L001_R1_001.fastq.gz,698f7f7c4e369f184716ee505225e18059bab886e6c4e3efe60fcc89a5a61b61,OSD92-2019_S54_L001_R2_001.fastq.gz,ccb230f28b040c872e3b489463c411fe814e2d6d99600d0a9d830d5d09976a86,,,,,,,,,,,,,,,,,,,,,,,,,,,,,,
OSD92_2019-06_1_NPL022,,,NovaSeq 6000,WGS,,RANDOM,,PCR-plus single index,376,CRC_DBOSDA_4_1_HYLGGDSXX.12BA022_clean.fastq.gz,89e70f64f21fad92a3d4ab58948b3ffd,CRC_DBOSDA_4_2_HYLGGDSXX.12BA022_clean.fastq.gz,aa42a6c7271d63c4fb8537d19e1f804b,Md5,,,,,,,,,,,,,,,,,,,,,,,,,,,,,
OSD99_2019-06_1_NPL022,surface water sample from the Adriatic Sea,https://www.ncbi.nlm.nih.gov/Taxonomy/Browser/wwwtax.cgi?id=408172,Illumina_MiSeq,AMPLICON,METAGENOMIC,PCR,paired,Two-step PCR Nextera XT CDI,460,OSD099-2019_S151_L001_R1_001.fastq.gz,2db636a2b5a9b05665ca37c955cdf718482ff087a58ec1ff1bf509d48f67b97b,OSD099-2019_S151_L001_R2_001.fastq.gz,fcc564c27fbc02be1a6b260767a6c2b142ba294a1410e59d001815fd489b8659,SHA-256,water,2019-06-19T10:20:00Z/2019-06-19T10:30:00Z,45.70,13.71,marine biome [ENVO:00000447], sea water [ENVO:00002149], microbial community [PCO:1000004],Ocean Sampling Day,https://www.marineregions.org/gazetteer.php?p=details&id=25615,"OSD99, Miramare Italy",Vessel - Niskin,1,NPL022,19.96,35.96,OSD-Jun-2019,"MALFATTI, Francesca/ CAALETTO, Bruno/ BANCHI, Elisa/ fmaltatti@inogs.it/ bcataletto@inogs.it/ ebanchi@inogs.it",bacterial community global sampling,Niskin bottle,Niskin and acid washed tunnel,not provided,1.91,85,Sterivex,particulate matter/ sea water,no prefiltration,0.22,none,-80
OSD99_2019-06_1_NPL022,,,,,,,,,180,OSD099-2019_S55_L001_R1_001.fastq.gz,14550c618272e2e20ae0aad49720eec0661cda56982a1f3ade65e547ce10cd69,OSD099-2019_S55_L001_R2_001.fastq.gz,9ed79aed29b0c6d449d23c0b369dc5c5e7fdf7b1737a6a1281eef7cb5155d41e,,,,,,,,,,,,,,,,,,,,,,,,,,,,,,
OSD99_2019-06_1_NPL022,,,NovaSeq 6000,WGS,,RANDOM,,PCR-plus single index,376,CRC_DCOSDA_4_1_HYLGGDSXX.12BA034_clean.fastq.gz,b6cdcd78b2c4a9150cb3b328f26d0d77,CRC_DCOSDA_4_2_HYLGGDSXX.12BA034_clean.fastq.gz,434ca81b236da1f91ffb9929ad71ca37,Md5,,,,,,,,,,,,,,,,,,,,,,,,,,,,,
OSD100_2019-06_1_NPL022,surface water sample from the Cretan Sea,https://www.ncbi.nlm.nih.gov/Taxonomy/Browser/wwwtax.cgi?id=408172,Illumina_MiSeq,AMPLICON,METAGENOMIC,PCR,paired,Two-step PCR Nextera XT CDI,460,OSD100-2019_S152_L001_R1_001.fastq.gz,4ac45e12340c066344e6e7e8458d573603d69e98e2d6526cf056a8bf82555497,OSD100-2019_S152_L001_R2_001.fastq.gz,a4b15d6badb2292439d07cb734017c8bc8178510924c324c6b28c1974a612584,SHA-256,water,2019-06-21T13:00:00Z/2018-06-21T14:00:00Z,35.35,25.29,marine biome [ENVO:00000447], sea water [ENVO:00002149], microbial community [PCO:1000004],Ocean Sampling Day,https://www.marineregions.org/gazetteer.php?p=details&id=3339,"OSD100, Crete Greece",HCMR dinghy boat,not provided,NPL022,not provided,not provided,OSD-Jun-2019,"KRISTALLAS, Apostolos/ DARIVIANAKIS, Stelios/ MAIDANOU, Maria, Hellenic Centre for Marine Research, kristallas@hcmr.gr/ daris@hcmr.gr/ mariam@hcmr.gr","surface water sampling (100lt), CTD cost, zooplankton net sampling",Niskin bottles / CTD / zooplankton net,surface water sampling with niskin 100lt CTD cost / vertical sampling zooplankton,not provided,not provided,not provided,Sterivex,particulate matter,no prefiltration,0.22,none,-80
OSD100_2019-06_1_NPL022,,,,,,,,,180,OSD100-2019_S56_L001_R1_001.fastq.gz,0bdf3725e683e90a4e7bcdcc82ec067d53d340e34dafc72c62476777aaedf99e,OSD100-2019_S56_L001_R2_001.fastq.gz,ce9718abb58b812edcbf9de6466db52002ae64ab68e38d9d9006f2a1842b6913,,,,,,,,,,,,,,,,,,,,,,,,,,,,,,
OSD100_2019-06_1_NPL022,,,NovaSeq 6000,WGS,,RANDOM,,PCR-plus single index,376,CRC_DDOSDA_4_1_HYLGGDSXX.12BA046_clean.fastq.gz,8a3e23e8929848a855ee17cf75c3a922,CRC_DDOSDA_4_2_HYLGGDSXX.12BA046_clean.fastq.gz,475792ba62388a66873b443474b3fdd6,Md5,,,,,,,,,,,,,,,,,,,,,,,,,,,,,
OSD122_2019-06_1_NPL022,surface water sample from the Gulf of Aqaba,https://www.ncbi.nlm.nih.gov/Taxonomy/Browser/wwwtax.cgi?id=408172,Illumina_MiSeq,AMPLICON,METAGENOMIC,PCR,paired,Two-step PCR Nextera XT CDI,460,OSD122-2019_S153_L001_R1_001.fastq.gz,123570184c4d6bfac775b410f6082a9a86839545bb131a75b54a7eb3d18b02ef,OSD122-2019_S153_L001_R2_001.fastq.gz,68671c0ce9aeab1f92acfc7a16f4ee1d096aa2b660ab8bb3af70632a94b68974,SHA-256,water,2019-06-20T07:55:00Z/2019-06-20T12:20:00Z,29.46,34.93,marine pelagic biome [ENVO:01000023], sea water [ENVO:00002149], microbial community [PCO:1000004],Ocean Sampling Day,https://www.marineregions.org/gazetteer.php?p=details&id=25384,"OSD122, Aqaba Israel",self-propelled boat 48182,0,NPL022,27.62,40.90,OSD-Jun-2019,"FRADA, Miguel/ KOPLOVITZ, Gil/ KEUTER Sabine, The InterUniversity Institute for Marine Sciences in Eilat, miguel.frada@mail.huji.ac.il/ gil.koplovitz@mail.huji.ac.il/ sabine.keuter@mail.huji.ac.il",sampling for Prokaryotes,25L Jerrycan,3 acid washed 25l Jerrycans were deployed by hand from a boat,"sampling done at open sea, on surface. Water depth at sampling location-700m. Local time UTC+2",4.30,64,Sterivex,particulate matter,no prefiltration,0.22,none,-80
OSD122_2019-06_1_NPL022,,,,,,,,,180,OSD122-2019_S57_L001_R1_001.fastq.gz,0c7a7e5a86b092e591d095173b7337b54d5c8e828563e0d8e180ddb73537548d,OSD122-2019_S57_L001_R2_001.fastq.gz,211aca495551f1855b5669d67a90f5348bbfac8762fe6eb75a11938ca0e1a040,,,,,,,,,,,,,,,,,,,,,,,,,,,,,,
OSD122_2019-06_1_NPL022,,,NovaSeq 6000,WGS,,RANDOM,,PCR-plus single index,376,CRC_DEOSDA_4_1_HYLGGDSXX.12BA058_clean.fastq.gz,28b01289ab9c095d886d52e63fe625c4,CRC_DEOSDA_4_2_HYLGGDSXX.12BA058_clean.fastq.gz,878e9fa696853fee369d4256e130e442,Md5,,,,,,,,,,,,,,,,,,,,,,,,,,,,,
OSD152_2019-06_1_NPL022,surface water sample from the Bedford Basin,https://www.ncbi.nlm.nih.gov/Taxonomy/Browser/wwwtax.cgi?id=408172,Illumina_MiSeq,AMPLICON,METAGENOMIC,PCR,paired,Two-step PCR Nextera XT CDI,460,OSD152-2019_S154_L001_R1_001.fastq.gz,fd163551ed75ef317a8ef52d484bc7ef2e2888f8d4f2c0c7f5e8e59a77733e1d,OSD152-2019_S154_L001_R2_001.fastq.gz,f09e781bd420e7e34db930bcebe7e589fb902b55658f771e4824422a7155a7bd,SHA-256,water,2019-06-20T12:40:00Z/2019-06-20T12:45:00Z,44.69,-63.64,neritic epipelagic zone biome [ENVO:01000042], sea water [ENVO:00002149], microbial community [PCO:1000004],Ocean Sampling Day,https://www.marineregions.org/gazetteer.php?p=details&id=18822,"OSD152, Bedford Basin Canada",CGS SIGMA T,1,NPL022,15.00,26.87,OSD-Jun-2019,"TOLMAN, Jennifer/ LAROCHE, Julie, Dalhousie University, j.tolman@dal.ca/ julie.laroche@dal.ca",Compass Buoy STN (HLO) has been sampled weekly since 1992 as part of the Bedford Basin Monitoring Program,30L Niskin bottle,NISKIN deployed on cable winch,filtered with peristaltic pump,1.16,14,Sterivex,particulate matter,no prefiltration,0.22,none,-80
OSD152_2019-06_1_NPL022,,,,,,,,,180,OSD152-2019_S58_L001_R1_001.fastq.gz,5bed1f665f6d420a96d431498321176976bc88d77f87457c5f2804bf1a0c8249,OSD152-2019_S58_L001_R2_001.fastq.gz,07999107adc6a24296aca3795a950e3d5b989b7d25e88605011dcdcc463f3480,,,,,,,,,,,,,,,,,,,,,,,,,,,,,,
OSD152_2019-06_1_NPL022,,,NovaSeq 6000,WGS,,RANDOM,,PCR-plus single index,376,CRC_DFOSDA_4_1_HYLGGDSXX.12BA070_clean.fastq.gz,6cbfb26c51ca26fbc8ac4a4a6a760943,CRC_DFOSDA_4_2_HYLGGDSXX.12BA070_clean.fastq.gz,3491cec3800fe3aa3d723988e33695f4,Md5,,,,,,,,,,,,,,,,,,,,,,,,,,,,,
OSD153_2019-06_1_NPL022,surface water sample from the Cadiz Gulf,https://www.ncbi.nlm.nih.gov/Taxonomy/Browser/wwwtax.cgi?id=408172,Illumina_MiSeq,AMPLICON,METAGENOMIC,PCR,paired,Two-step PCR Nextera XT CDI,460,OSD153-2019_S155_L001_R1_001.fastq.gz,a7e5fd9a6958a97622e127dac170c64dcc1a5870eee87bfc5f524f8e7b1fce15,OSD153-2019_S155_L001_R2_001.fastq.gz,7f6ad58f106d56d24997c325eb4a2d1538b9e676cf66e4bcc1d9b16d5fe0507a,SHA-256,water,2019-06-07T10:30:00Z/2019-06-21T10:35:00Z,37.00,-7.98,marine biome [ENVO:00000447], sea water [ENVO:00002149], microbial community [PCO:1000004],Ocean Sampling Day,https://www.marineregions.org/gazetteer.php?p=details&id=2360,"OSD153, Faro Island Portugal",on shore,0,NPL022,19.10,35.07,OSD-Jun-2019,"COSTA, Rodrigo/ VALENTE Sara/ SILVA Sandra, Instituto Superior Técnico (IST), University of Lisbon, rodrigoscosta@technico.ulisboa.pt",not provided,not provided,not provided,not provided,1.46,not provided,not provided,not provided,not provided,0.22,none,-80
OSD153_2019-06_1_NPL022,,,,,,,,,180,OSD153-2019_S59_L001_R1_001.fastq.gz,09182fce58bb04b3871906fea785e77f5e4f25a03415326548a8f4e36bd214cf,OSD153-2019_S59_L001_R2_001.fastq.gz,291d14e8cbaa31bdb8eeeba1b98dc2815654c8cd299d978f91cde5332efc8545,,,,,,,,,,,,,,,,,,,,,,,,,,,,,,
OSD153_2019-06_1_NPL022,,,NovaSeq 6000,WGS,,RANDOM,,PCR-plus single index,376,CRC_DGOSDA_4_1_HYLGGDSXX.12BA082_clean.fastq.gz,6375d30375aa51c02d14dc7547934907,CRC_DGOSDA_4_2_HYLGGDSXX.12BA082_clean.fastq.gz,b5099a3b66f59686b9ccd9cbd7358a20,Md5,,,,,,,,,,,,,,,,,,,,,,,,,,,,,
OSD159_2019-06_1_NPL022,surface water sample from the Iroise Sea,https://www.ncbi.nlm.nih.gov/Taxonomy/Browser/wwwtax.cgi?id=408172,Illumina_MiSeq,AMPLICON,METAGENOMIC,PCR,paired,Two-step PCR Nextera XT CDI,460,OSD159-2019_S157_L001_R1_001.fastq.gz,609bb707dfc89b565839639c2a1460e4e08b86c3f140497aa9b2067feac2bf3d,OSD159-2019_S157_L001_R2_001.fastq.gz,6bc972bb0d8764385cb5d89a9d55b4c120ef6c4d7d5e1e1dc207ba9f6a0dfed8,SHA-256,water,2019-06-21T06:32:00Z/2019-06-21T07:30:00Z,48.36,-4.55,marine biome [ENVO:00000447], sea water [ENVO:00002149], microbial community [PCO:1000004],Ocean Sampling Day,https://www.marineregions.org/gazetteer.php?p=details&id=25220,"OSD159, Brest Somlit France",Brest Somlit,2,NPL022,15.22,34.94,OSD-Jun-2019,"L'HARIDON, Stephane, Centre Nationale Recherche Scientific, stephane.lharidon@univ-brest.fr",Prokaryotes sampling,8L Niskin bottle,not provided,not provided,3.00,30,Sterivex,particulate matter,no prefiltration,0.22,none,-80
OSD159_2019-06_1_NPL022,,,,,,,,,180,OSD159-2019_S61_L001_R1_001.fastq.gz,12f0725eab066cd1009dae6c93ebb36b89c633f9acd1d6c40309dc5a611b5c98,OSD159-2019_S61_L001_R2_001.fastq.gz,7a1ae4f673fa6af1205f0309ba85efdb5b3381faa21ed8edfa9e7babfe149f91,,,,,,,,,,,,,,,,,,,,,,,,,,,,,,
OSD159_2019-06_1_NPL022,,,NovaSeq 6000,WGS,,RANDOM,,PCR-plus single index,376,CRC_DHOSDA_4_1_HYLGGDSXX.12BA094_clean.fastq.gz,b336349183758f63889b35c4b90a4ccb,CRC_DHOSDA_4_2_HYLGGDSXX.12BA094_clean.fastq.gz,3706d208852a2a5281fec03d42b2c1c0,Md5,,,,,,,,,,,,,,,,,,,,,,,,,,,,,
OSD170_2019-06_1_NPL022,surface water sample from the North Sea,https://www.ncbi.nlm.nih.gov/Taxonomy/Browser/wwwtax.cgi?id=408172,Illumina_MiSeq,AMPLICON,METAGENOMIC,PCR,paired,Two-step PCR Nextera XT CDI,460,OSD170-2019_S158_L001_R1_001.fastq.gz,49a0b6f182458cf57f08e82867f2765d4cf81ec69c42678b67a139b3da8d51db,OSD170-2019_S158_L001_R2_001.fastq.gz,9e2b246fcedd6afd7de605cfd0cc50917e3c439ec56cc6a0b9033b41fdc283bb,SHA-256,water,2019-06-24T07:20:00Z/2019-06-24T07:22:00Z,51.27,2.85,marine biome [ENVO:00000447], sea water [ENVO:00002149], microbial community [PCO:1000004],Ocean Sampling Day,https://www.marineregions.org/gazetteer.php?p=details&id=26567,"OSD170, Oostende Belgium",RV Simon Stevin,3,NPL022,not provided,not provided,OSD-Jun-2019,"MORTELMANS,Jonas, Flanders Marine Institute (VLIZ), jonasm@vliz.be",LifeWatch and OSD,Niskin bottle,not provided,not provided,3.00,not provided,Sterivex,marine sample,no prefiltration,0.22,none,-80
OSD170_2019-06_1_NPL022,,,,,,,,,180,OSD170-2019_S62_L001_R1_001.fastq.gz,718d57fa13f3f805f111a32bc51f39e64bda261295c5825b07082a343ec2cfc5,OSD170-2019_S62_L001_R2_001.fastq.gz,aa405722f962fa429c8dd45c50a883387a8041780b1dedb2b2840b3badfb7545,,,,,,,,,,,,,,,,,,,,,,,,,,,,,,
OSD170_2019-06_1_NPL022,,,NovaSeq 6000,WGS,,RANDOM,,PCR-plus single index,376,CRC_DIOSDA_4_1_HYLGGDSXX.12BA011_clean.fastq.gz,e024618624d8fa059977535ab0035d15,CRC_DIOSDA_4_2_HYLGGDSXX.12BA011_clean.fastq.gz,9601404d8d7b8a0fa0c0b6deab8d7cff,Md5,,,,,,,,,,,,,,,,,,,,,,,,,,,,,
OSD171_2019-06_1_NPL022,surface water sample from the North Sea,https://www.ncbi.nlm.nih.gov/Taxonomy/Browser/wwwtax.cgi?id=408172,Illumina_MiSeq,AMPLICON,METAGENOMIC,PCR,paired,Two-step PCR Nextera XT CDI,460,OSD171-2019_S166_L001_R1_001.fastq.gz,5adb4a34ef2a34ad2e5874165844d5ea8e0f03bd287f9ae4c584edb027b68a69,OSD171-2019_S166_L001_R2_001.fastq.gz,7d298fd266795614fec5c99e2d73623278ddfbdd86554457bbf61e77ef377b05,SHA-256,water,2019-06-24T07:51:00Z/2019-06-24T07:53:00Z,51.31,2.85,marine biome [ENVO:00000447], sea water [ENVO:00002149], microbial community [PCO:1000004],Ocean Sampling Day,https://www.marineregions.org/gazetteer.php?p=details&id=26567,"OSD171, Oostende Belgium",RV Simon Stevin,3,NPL022,not provided,not provided,OSD-Jun-2019,"MORTELMANS,Jonas, Flanders Marine Institute (VLIZ), jonasm@vliz.be",LifeWatch and OSD,Niskin bottle,not provided,not provided,3.00,not provided,Sterivex,marine sample,no prefiltration,0.22,none,-80
OSD171_2019-06_1_NPL022,,,,,,,,,180,OSD171-2019_S70_L001_R1_001.fastq.gz,f09cf3e685af619b1de7cc0adfb466b800523ea7120615c30140f18c339b5187,OSD171-2019_S70_L001_R2_001.fastq.gz,ce5f568b335a5f347068af3ae2405a86c86c4036371619cf7373895e60a17b90,,,,,,,,,,,,,,,,,,,,,,,,,,,,,,
OSD171_2019-06_1_NPL022,,,NovaSeq 6000,WGS,,RANDOM,,PCR-plus single index,376,CRC_DJOSDA_4_1_HYLGGDSXX.12BA023_clean.fastq.gz,aadbc9d291b7d9da9abfbc7036de22ad,CRC_DJOSDA_4_2_HYLGGDSXX.12BA023_clean.fastq.gz,16600a2b1e77e9753408a6130f4cc82d,Md5,,,,,,,,,,,,,,,,,,,,,,,,,,,,,
OSD172_2019-06_1_NPL022,surface water sample from the North Sea,https://www.ncbi.nlm.nih.gov/Taxonomy/Browser/wwwtax.cgi?id=408172,Illumina_MiSeq,AMPLICON,METAGENOMIC,PCR,paired,Two-step PCR Nextera XT CDI,460,OSD172-2019_S167_L001_R1_001.fastq.gz,5190f75f8f66f0891b35e90baa9b2ab347830f1599309572fc6e6e3797cb38d4,OSD172-2019_S167_L001_R2_001.fastq.gz,131d2305ff53dfdf38bd9ce84c5eae9f05e41db5a51bf83df16e4818470ac5b0,SHA-256,water,2019-06-24T12:33:00Z/2019-06-24T12:35:00Z,51.37,3.21,marine biome [ENVO:00000447], sea water [ENVO:00002149], microbial community [PCO:1000004],Ocean Sampling Day,https://www.marineregions.org/gazetteer.php?p=details&id=26567,"OSD172, Oostende Belgium",RV Simon Stevin,3,NPL022,not provided,not provided,OSD-Jun-2019,"MORTELMANS,Jonas, Flanders Marine Institute (VLIZ), jonasm@vliz.be",LifeWatch and OSD,Niskin bottle,not provided,not provided,3.00,not provided,Sterivex,marine sample,no prefiltration,0.22,none,-80
OSD172_2019-06_1_NPL022,,,,,,,,,180,OSD172-2019_S71_L001_R1_001.fastq.gz,9aad0acd340612ca4f9ff6b4132d7a0d65c4b8d6fffa889bfcae5f41440283b9,OSD172-2019_S71_L001_R2_001.fastq.gz,561f82d4f0fc70985f652410ac5c0b9cae857ef547a15a05bb0753f74c9fb42d,,,,,,,,,,,,,,,,,,,,,,,,,,,,,,
OSD172_2019-06_1_NPL022,,,NovaSeq 6000,WGS,,RANDOM,,PCR-plus single index,376,CRC_DKOSDA_4_1_HYLGGDSXX.12BA035_clean.fastq.gz,4e95b95f55c8f8bedf817f361f34b425,CRC_DKOSDA_4_2_HYLGGDSXX.12BA035_clean.fastq.gz,5ab8ff841f9d57cfadf1d02ec4c1a644,Md5,,,,,,,,,,,,,,,,,,,,,,,,,,,,,
OSD173_2019-06_1_NPL022,surface water sample from the North Sea,https://www.ncbi.nlm.nih.gov/Taxonomy/Browser/wwwtax.cgi?id=408172,Illumina_MiSeq,AMPLICON,METAGENOMIC,PCR,paired,Two-step PCR Nextera XT CDI,460,OSD173-2019_S168_L001_R1_001.fastq.gz,a4794de12ba9ed049af251a2689f856cf2e4538d0a5a17d15980140bacc51d38,OSD173-2019_S168_L001_R2_001.fastq.gz,91a3d66f9ed0210010ee5b9e8fba75df291853d49ce04478f5edd3f6c0521da9,SHA-256,water,2019-06-24T11:34:00Z/2019-06-24T11:36:00Z,51.44,3.14,marine biome [ENVO:00000447], sea water [ENVO:00002149], microbial community [PCO:1000004],Ocean Sampling Day,https://www.marineregions.org/gazetteer.php?p=details&id=26567,"OSD173, Oostende Belgium",RV Simon Stevin,3,NPL022,not provided,not provided,OSD-Jun-2019,"MORTELMANS,Jonas, Flanders Marine Institute (VLIZ), jonasm@vliz.be",LifeWatch and OSD,Niskin bottle,not provided,not provided,3.00,not provided,Sterivex,marine sample,no prefiltration,0.22,none,-80
OSD173_2019-06_1_NPL022,,,,,,,,,180,OSD173-2019_S72_L001_R1_001.fastq.gz,7f410f311165bdcf85ac417da80d71f30519362be3e99dc38cb3266e2890a97a,OSD173-2019_S72_L001_R2_001.fastq.gz,b1206f95e05084565e23e5c6a572a7f0166f32f1e5a598a34715bea45a75ff01,,,,,,,,,,,,,,,,,,,,,,,,,,,,,,
OSD173_2019-06_1_NPL022,,,NovaSeq 6000,WGS,,RANDOM,,PCR-plus single index,376,CRC_DLOSDA_4_1_HYLGGDSXX.12BA047_clean.fastq.gz,0b018c6ce6254b6dd83bcfd43deefdff,CRC_DLOSDA_4_2_HYLGGDSXX.12BA047_clean.fastq.gz,12ba2ce885b88dc94eb50b6fe15c3119,Md5,,,,,,,,,,,,,,,,,,,,,,,,,,,,,
OSD174_2019-06_1_NPL022,surface water sample from the North Sea,https://www.ncbi.nlm.nih.gov/Taxonomy/Browser/wwwtax.cgi?id=408172,Illumina_MiSeq,AMPLICON,METAGENOMIC,PCR,paired,Two-step PCR Nextera XT CDI,460,OSD174-2019_S169_L001_R1_001.fastq.gz,9fa3edecf31062413813ad058efe9cd13d5b49b26a1252a31333d83756f9c05c,OSD174-2019_S169_L001_R2_001.fastq.gz,4d9680d9c4ee1ad3163fa9fd55d61ffcc117bec7a9398ce90e745f9224b25605,SHA-256,water,2019-06-24T10:52:00Z/2019-06-24T10:54:00Z,51.47,3.06,marine biome [ENVO:00000447], sea water [ENVO:00002149], microbial community [PCO:1000004],Ocean Sampling Day,https://www.marineregions.org/gazetteer.php?p=details&id=26567,"OSD174, Oostende Belgium",RV Simon Stevin,3,NPL022,not provided,not provided,OSD-Jun-2019,"MORTELMANS,Jonas, Flanders Marine Institute (VLIZ), jonasm@vliz.be",LifeWatch and OSD,Niskin bottle,not provided,not provided,3.00,not provided,Sterivex,marine sample,no prefiltration,0.22,none,-80
OSD174_2019-06_1_NPL022,,,,,,,,,180,OSD174-2019_S73_L001_R1_001.fastq.gz,c335bebd681dbc98f9c3514349e1cf0a516a18247942721632a152d29a5fd425,OSD174-2019_S73_L001_R2_001.fastq.gz,058a3397954e69c5236fefacd12a25ce6c5a5785a3fb6145665cb102ca22e501,,,,,,,,,,,,,,,,,,,,,,,,,,,,,,
OSD174_2019-06_1_NPL022,,,NovaSeq 6000,WGS,,RANDOM,,PCR-plus single index,376,CRC_DMOSDA_4_1_HYLGGDSXX.12BA059_clean.fastq.gz,5e989048d397ff840829762a1ae62842,CRC_DMOSDA_4_2_HYLGGDSXX.12BA059_clean.fastq.gz,92e05ff030e9e0e817366fc88d187f78,Md5,,,,,,,,,,,,,,,,,,,,,,,,,,,,,
OSD175_2019-06_1_NPL022,surface water sample from the North Sea,https://www.ncbi.nlm.nih.gov/Taxonomy/Browser/wwwtax.cgi?id=408172,Illumina_MiSeq,AMPLICON,METAGENOMIC,PCR,paired,Two-step PCR Nextera XT CDI,460,OSD175-2019_S170_L001_R1_001.fastq.gz,c6cf407dd8726621cbd9c42da8c7ea30b8bda4c0eea31d7a8c330f251f940c34,OSD175-2019_S170_L001_R2_001.fastq.gz,51de3713153e3ee11fa720d8dbf294cd0868c11c503ad9a8b34d3fe64bd72456,SHA-256,water,2019-06-25T10:00:00Z/2019-06-25T10:02:00Z,51.33,2.50,marine biome [ENVO:00000447], sea water [ENVO:00002149], microbial community [PCO:1000004],Ocean Sampling Day,https://www.marineregions.org/gazetteer.php?p=details&id=26567,"OSD175, Oostende Belgium",RV Simon Stevin,3,NPL022,not provided,not provided,OSD-Jun-2019,"MORTELMANS,Jonas, Flanders Marine Institute (VLIZ), jonasm@vliz.be",LifeWatch and OSD,Niskin bottle,not provided,not provided,3.00,not provided,Sterivex,marine sample,no prefiltration,0.22,none,-80
OSD175_2019-06_1_NPL022,,,,,,,,,180,OSD175-2019_S74_L001_R1_001.fastq.gz,a8112a7fc753247e86c63fed3abd93250a8c46b5d2f3696624cd331e73e95a9f,OSD175-2019_S74_L001_R2_001.fastq.gz,b6bf2e8a2ad239b0f75c91777c1406c3f148448198f805bfc86016d0e17a8447,,,,,,,,,,,,,,,,,,,,,,,,,,,,,,
OSD175_2019-06_1_NPL022,,,NovaSeq 6000,WGS,,RANDOM,,PCR-plus single index,376,CRC_DNOSDA_4_1_HYLGGDSXX.12BA071_clean.fastq.gz,6ff88364d17fb6b153c1510a3ffd8abc,CRC_DNOSDA_4_2_HYLGGDSXX.12BA071_clean.fastq.gz,2ace4be67086b6be87880de9fa38c4d5,Md5,,,,,,,,,,,,,,,,,,,,,,,,,,,,,
OSD176_2019-06_1_NPL022,surface water sample from the North Sea,https://www.ncbi.nlm.nih.gov/Taxonomy/Browser/wwwtax.cgi?id=408172,Illumina_MiSeq,AMPLICON,METAGENOMIC,PCR,paired,Two-step PCR Nextera XT CDI,460,OSD176-2019_S171_L001_R1_001.fastq.gz,2ee8130c78e5eb1876cdbf285ee3bc3327e53e03b5126c680aa98a738b95ab0a,OSD176-2019_S171_L001_R2_001.fastq.gz,8fb6a9c563e1468c51a3e7d59f61a1c60cc2aea0a19b76ac60a7e8757ba0e653,SHA-256,water,2019-06-25T10:56:00Z/2019-06-25T10:58:00Z,51.28,2.61,marine biome [ENVO:00000447], sea water [ENVO:00002149], microbial community [PCO:1000004],Ocean Sampling Day,https://www.marineregions.org/gazetteer.php?p=details&id=26567,"OSD176, Oostende Belgium",RV Simon Stevin,3,NPL022,not provided,not provided,OSD-Jun-2019,"MORTELMANS,Jonas, Flanders Marine Institute (VLIZ), jonasm@vliz.be",LifeWatch and OSD,Niskin bottle,not provided,not provided,3.00,not provided,Sterivex,marine sample,no prefiltration,0.22,none,-80
OSD176_2019-06_1_NPL022,,,,,,,,,180,OSD176-2019_S75_L001_R1_001.fastq.gz,0f9db0e7a415270708e41de600462310f129267a987435bf4ebf8dc0a05dc282,OSD176-2019_S75_L001_R2_001.fastq.gz,e3b2b7c9ebca702bfab4503e2e10409ed0a61209c16f55b75a8d09ba8f96912a,,,,,,,,,,,,,,,,,,,,,,,,,,,,,,
OSD176_2019-06_1_NPL022,,,NovaSeq 6000,WGS,,RANDOM,,PCR-plus single index,376,CRC_DOOSDA_4_1_HYLGGDSXX.12BA083_clean.fastq.gz,08b3676908c0e5b3c6d8c4bbca6ffb6f,CRC_DOOSDA_4_2_HYLGGDSXX.12BA083_clean.fastq.gz,634ac30739deae033dd975d86f0ad758,Md5,,,,,,,,,,,,,,,,,,,,,,,,,,,,,
OSD177_2019-06_1_NPL022,surface water sample from the North Sea,https://www.ncbi.nlm.nih.gov/Taxonomy/Browser/wwwtax.cgi?id=408172,Illumina_MiSeq,AMPLICON,METAGENOMIC,PCR,paired,Two-step PCR Nextera XT CDI,460,OSD177-2019_S173_L001_R1_001.fastq.gz,aff481dede7c7a33a7222dbf0f4a72efbcf359d2cf832daec3e1e812cb8c7b92,OSD177-2019_S173_L001_R2_001.fastq.gz,d1175257612aa3a65d1e7173ff158af1ca2ba64880e3d81271328cd9123bb07f,SHA-256,water,2019-06-25T12:37:00Z/2019-06-25T12:39:00Z,51.18,2.70,marine biome [ENVO:00000447], sea water [ENVO:00002149], microbial community [PCO:1000004],Ocean Sampling Day,https://www.marineregions.org/gazetteer.php?p=details&id=26567,"OSD177, Oostende Belgium",RV Simon Stevin,3,NPL022,not provided,not provided,OSD-Jun-2019,"MORTELMANS,Jonas, Flanders Marine Institute (VLIZ), jonasm@vliz.be",LifeWatch and OSD,Niskin bottle,not provided,not provided,3.00,not provided,Sterivex,marine sample,no prefiltration,0.22,none,-80
OSD177_2019-06_1_NPL022,,,,,,,,,180,OSD177-2019_S77_L001_R1_001.fastq.gz,142ed1947248f07617d430f874ba9ccdad142337612cb737c25040c8cbf38475,OSD177-2019_S77_L001_R2_001.fastq.gz,e7fb43a93cda8aec17efe3a79f586608e622a7721863cd2f5b06d417529715d2,,,,,,,,,,,,,,,,,,,,,,,,,,,,,,
OSD177_2019-06_1_NPL022,,,NovaSeq 6000,WGS,,RANDOM,,PCR-plus single index,376,CRC_DPOSDA_4_1_HYLGGDSXX.12BA095_clean.fastq.gz,f74b6caff820fc7d5ab7f67c251f994d,CRC_DPOSDA_4_2_HYLGGDSXX.12BA095_clean.fastq.gz,325c66b404341bb463ede5647ec8dd1f,Md5,,,,,,,,,,,,,,,,,,,,,,,,,,,,,
OSD210_2019-06_1_NPL022,surface water sample from the Mediterranean Sea,https://www.ncbi.nlm.nih.gov/Taxonomy/Browser/wwwtax.cgi?id=408172,Illumina_MiSeq,AMPLICON,METAGENOMIC,PCR,paired,Two-step PCR Nextera XT CDI,460,OSD210-2019_S174_L001_R1_001.fastq.gz,fe5e5fd9bd98e10ca1605240ecd549cae3318d7958c12d5f8938f81bff53a3d5, OSD210-2019_S174_L001_R2_001.fastq.gz,64697023031c9b08247aa13d22ec54661fe65a13c9d79dba733c74f42e65ae77,SHA-256,water,2019-06-21T05:40:00Z/2019-06-21T06:00:00Z,43.11,3.08,coastal wetland ecosystem [ENVO:00000230], sea water [ENVO:00002149], microbial community [PCO:1000004],Ocean Sampling Day,https://www.marineregions.org/gazetteer.php?p=details&id=25185,"OSD210, Gruissan France",none,0,NPL022,22.00,41.00,OSD-Jun-2019,"CONAN, Pascal/ BEIER, Sara, Leibniz Institute for Baltic Sea Research (in collaboration with the Observatoire Oceanologique de Banyuls sur Mer), conan@obs-banyuls.fr/ sara.beier@io-warnemuende.de",not provided,not provided,not provided,not provided,2.60,40,Sterivex,not provided,no prefiltration,0.22,none,-80
OSD210_2019-06_1_NPL022,,,,,,,,,180,OSD210-2019_S78_L001_R1_001.fastq.gz,aa1e02c661cac53ec65c5435301e5df875149871f989a621b910fee102dc3a02,OSD210-2019_S78_L001_R2_001.fastq.gz,d1d44a6f1b083d1bc4f3074457e1d89a42ad02a722158222059dc0cfd75f4ae2,,,,,,,,,,,,,,,,,,,,,,,,,,,,,,
OSD210_2019-06_1_NPL022,,,NovaSeq 6000,WGS,,RANDOM,,PCR-plus single index,376,CRC_DQOSDA_4_1_HYLGGDSXX.12BA012_clean.fastq.gz,daf0861c3d4ee7674b2d7ad6b92b098d,CRC_DQOSDA_4_2_HYLGGDSXX.12BA012_clean.fastq.gz,73bc56e0b0dfafdea845ba45cf35c0aa,Md5,,,,,,,,,,,,,,,,,,,,,,,,,,,,,
OSD211_2019-06_1_NPL022,surface water sample from the Mediterranean Sea,https://www.ncbi.nlm.nih.gov/Taxonomy/Browser/wwwtax.cgi?id=408172,Illumina_MiSeq,AMPLICON,METAGENOMIC,PCR,paired,Two-step PCR Nextera XT CDI,460,OSD211-2019_S278_L001_R1_001.fastq.gz,ddffa7f762d6446b407da8209408b1c4df46729fc4ff09bc414e3491ca21111d,OSD211-2019_S278_L001_R2_001.fastq.gz,ca90a2b9f31901c0693e3bf9c59630fd268841b8e3191aad86fcdf3f10a6cfd4,SHA-256,water,2019-06-21T06:50:00Z/2019-06-21T07:10:00Z,42.97,3.00,coastal wetland ecosystem [ENVO:00000230], sea water [ENVO:00002149], microbial community [PCO:1000004],Ocean Sampling Day,https://www.marineregions.org/gazetteer.php?p=details&id=25185,"OSD211, La Palme France",none,0,NPL022,21.90,36.00,OSD-Jun-2019,"CONAN, Pascal/ BEIER, Sara, Leibniz Institute for Baltic Sea Research (in collaboration with the Observatoire Oceanologique de Banyuls sur Mer), conan@obs-banyuls.fr/ sara.beier@io-warnemuende.de",not provided,not provided,not provided,not provided,1.33,45,Sterivex,not provided,no prefiltration,0.22,none,-80
OSD211_2019-06_1_NPL022,,,,,,,,,180,OSD211-2019_S86_L001_R1_001.fastq.gz,5d46e44e5c87766e71a32452cd9ec6a1baa0601322d07200222bce05817626fb,OSD211-2019_S86_L001_R2_001.fastq.gz,1e70654de3258d8ce630fe3335e49aea356f7d889fe0644b1776c3ec4da8469c,,,,,,,,,,,,,,,,,,,,,,,,,,,,,,
OSD211_2019-06_1_NPL022,,,NovaSeq 6000,WGS,,RANDOM,,PCR-plus single index,376,CRC_DROSDA_4_1_HYLGGDSXX.12BA024_clean.fastq.gz,ae9ab9bfccd40939226185a024e7fe19,CRC_DROSDA_4_2_HYLGGDSXX.12BA024_clean.fastq.gz,9f883e01ad5ceddd78927415311284b5,Md5,,,,,,,,,,,,,,,,,,,,,,,,,,,,,
OSD219_2019-06_1_NPL022,surface water sample from the Atlantic Ocean,https://www.ncbi.nlm.nih.gov/Taxonomy/Browser/wwwtax.cgi?id=408172,Illumina_MiSeq,AMPLICON,METAGENOMIC,PCR,paired,Two-step PCR Nextera XT CDI,460,OSD219-2019_S279_L001_R1_001.fastq.gz,d41257d2233316a2aecf045fa2ccccfb720d26d7ee1c546ddd171da6c10f3f9e,OSD219-2019_S279_L001_R2_001.fastq.gz,814c50434be88b3105b6693a4d9ddb8cc740a669a9f0ab71b1359fdb1f24572f,SHA-256,water,2019-06-21T11:44:00Z,53.21,-9.27,marine biome [ENVO:00000447], sea water [ENVO:00002149], microbial community [PCO:1000004],Ocean Sampling Day,https://www.marineregions.org/gazetteer.php?p=details&id=25361,"OSD219, Spiddal Galway Ireland",RV Celtic Voyager,1,NPL022,14.70,33.83,OSD-Jun-2019,"ALLCOCK, Louise/ EDWARDS, Maeve/ FENNELL, Sheena, Ryan Institute and School of Natural Sciences, louise.allcock@nuigalway.ie/ maeve.edwards@nuigalway.ie",not provided,CTD,not provided,not provided,2.00,43,Sterivex,particulate matter,no prefiltration,0.22,none,-20 to -71
OSD219_2019-06_1_NPL022,,,,,,,,,180,OSD219-2019_S87_L001_R1_001.fastq.gz,2ca503966e10f5cd1ea18edb5f969212884ff9c3b0269f826d5b31e00a6aca5b,OSD219-2019_S87_L001_R2_001.fastq.gz,f3f53c7c7529b270d0d404d4125e4151fd1f8f1291445be1cc881b9189e42bc1,,,,,,,,,,,,,,,,,,,,,,,,,,,,,,
OSD223_2019-06_1_NPL022,surface water sample from the Baltic Sea,https://www.ncbi.nlm.nih.gov/Taxonomy/Browser/wwwtax.cgi?id=408172,Illumina_MiSeq,AMPLICON,METAGENOMIC,PCR,paired,Two-step PCR Nextera XT CDI,460,OSD223-2019_S280_L001_R1_001.fastq.gz,0a63c1336b36ebfcf4be32ed22a78bed1c219a4a19ba01796009c2d5082961a4,OSD223-2019_S280_L001_R2_001.fastq.gz,d6d3ca02b33b331ff493c5e2486c5f6bbc9faa93d1548ac0bc4c095e81796a3d,SHA-256,water,2019-06-21T09:00:00Z/2019-06-21T09:30:00Z,54.48,18.57,marginal sea biome [ENVO:01000046], sea water [ENVO:00002149], microbial community [PCO:1000004],Ocean Sampling Day,https://www.marineregions.org/gazetteer.php?p=details&id=25674,"OSD223, Gdansk Poland",not provided,0,NPL022,20.80,6.30,OSD-Jun-2019,"MICHNOWSKA, Alicja, University of Gdansk, alicja.michnowska@ug.edu.pl",Prokaryotes,10% acid washed buckets,vacuum pump (mechanical),not provided,0.50,40,Sterivex,particulate matter,no prefiltration,0.22,none,-80
OSD223_2019-06_1_NPL022,,,,,,,,,180,OSD223-2019_S88_L001_R1_001.fastq.gz,f3803f23bef09139c68318ff1fc6085ecd2e10c348d0e7ad0e23623accaf75ac,OSD223-2019_S88_L001_R2_001.fastq.gz,70999dfad88aad70b1121f524e4c92205386d43914120b62586c8ab66d8f4e3b,,,,,,,,,,,,,,,,,,,,,,,,,,,,,,
OSD223_2019-06_1_NPL022,,,NovaSeq 6000,WGS,,RANDOM,,PCR-plus single index,376,CRC_DSOSDA_4_1_HYLGGDSXX.12BA036_clean.fastq.gz,6ed8086982f82166942f0279d2878e74,CRC_DSOSDA_4_2_HYLGGDSXX.12BA036_clean.fastq.gz,a1d365d6eb4e32bc11b6a2b472174e85,Md5,,,,,,,,,,,,,,,,,,,,,,,,,,,,,
OSD224_2019-06_1_NPL022,surface water sample from the Wadden Sea,https://www.ncbi.nlm.nih.gov/Taxonomy/Browser/wwwtax.cgi?id=408172,Illumina_MiSeq,AMPLICON,METAGENOMIC,PCR,paired,Two-step PCR Nextera XT CDI,460,OSD224-2019_S281_L001_R1_001.fastq.gz,43a86dc0ef9a668620e87539e4eca31c292e8cf8e2e898748324e38910ea6105,OSD224-2019_S281_L001_R2_001.fastq.gz,94b37899f1df851ca111d24af27b0c4bba074ee77dd5261c8fb26d268e32078b,SHA-256,water,2019-06-21T011:30:00Z/2019-06-21T11:30:00Z,53.00,4.79,marine biome [ENVO:00000447], sea water [ENVO:00002149], microbial community [PCO:1000004],Ocean Sampling Day,https://www.marineregions.org/gazetteer.php?p=details&id=26877,"OSD224, NIOZ Jetty Netherlands",not provided,1,NPL022,16.70,30.85,OSD-Jun-2019,"BOLHUIS, Henk/ AMARAL ZETTLER, Linda/ROSSELLI, Riccardo, Royal Netherlands Institute for Sea Research, henk.bolhuis@nioz.nl/ linda.amaral-zettler@nioz.nl/riccardo.rosselli@nioz.nl",determining microbial composition at interface of the North Sea and Wadden Sea,Niskin bottle,"1m depth water collected from the NIOZ pier ""Jetty""",not provided,1.80,20,Sterivex,sterivex-filtered seawater,no prefiltration,0.22,none,-80
OSD224_2019-06_1_NPL022,,,,,,,,,180,OSD224-2019_S89_L001_R1_001.fastq.gz,47438370f1ea69963fd2ea4a8340cbca50ec68377650a0e80f9f2a768de8f8e3,OSD224-2019_S89_L001_R2_001.fastq.gz,8c96e0b7ad4f33736ac247fd3e6a8448f08d61d7c49af68166e6c9508ef0825b,,,,,,,,,,,,,,,,,,,,,,,,,,,,,,
OSD224_2019-06_1_NPL022,,,NovaSeq 6000,WGS,,RANDOM,,PCR-plus single index,376,CRC_DTOSDA_4_1_HYLGGDSXX.12BA048_clean.fastq.gz,9486203626cd3902a77e774822495ae6,CRC_DTOSDA_4_2_HYLGGDSXX.12BA048_clean.fastq.gz,330e70a3c2e9dcd693b3087c4cae4879,Md5,,,,,,,,,,,,,,,,,,,,,,,,,,,,,
OSD227_2019-06_1_NPL022,surface water sample from the Western English Channel,https://www.ncbi.nlm.nih.gov/Taxonomy/Browser/wwwtax.cgi?id=408172,Illumina_MiSeq,AMPLICON,METAGENOMIC,PCR,paired,Two-step PCR Nextera XT CDI,460,OSD227-2019_S282_L001_R1_001.fastq.gz,9baeb785096615781ace6a07de7a210eed16949532c063d11c5a0b83fa89d55a,OSD227-2019_S282_L001_R2_001.fastq.gz,f191c20c39293beeb53649351d708751a9fd8acc399faf5331845ce4c20b5a6a,SHA-256,water,2019-06-27T012:30:00Z/2019-06-27T12:35:00Z,48.67,-3.89,estuarine biome [ENVO:01000020], sea water [ENVO:00002149], microbial community [PCO:1000004],Ocean Sampling Day,https://www.marineregions.org/gazetteer.php?p=details&id=2389,"OSD227, GO SBR Crenula France",not provided,1,NPL022,17.13,34.98,OSD-Jun-2019,"COMTET, Thierry, Station Biologique de Roscoff. France, comtet@sb-roscoff.fr",not provided,hand pump,hand pumping,"Northeast wind (53.2o), 45.6km/h (max 54km/h), cloudy",1.90,35,Sterivex,particulate matter,no prefiltration,0.22,none,-80
OSD227_2019-06_1_NPL022,,,,,,,,,180,OSD227-2019_S90_L001_R1_001.fastq.gz,5cdbaccc766e0a289af151b1d280b7d428946df8a991ddb0670b919627015016,OSD227-2019_S90_L001_R2_001.fastq.gz,d78de57bf9f61630df849a0d72f471b920fb284d0a1a83cf0f779583f92e5e9e,,,,,,,,,,,,,,,,,,,,,,,,,,,,,,
OSD227_2019-06_1_NPL022,,,NovaSeq 6000,WGS,,RANDOM,,PCR-plus single index,376,CRC_DUOSDA_4_1_HYLGGDSXX.12BA060_clean.fastq.gz,769431d421ea6bf29609e24966b74d11,CRC_DUOSDA_4_2_HYLGGDSXX.12BA060_clean.fastq.gz,11229c2903152b81e2320cb61ef534f2,Md5,,,,,,,,,,,,,,,,,,,,,,,,,,,,,
OSD232_2019-06_1_NPL022,surface water sample from the Tyrrenian Sea,https://www.ncbi.nlm.nih.gov/Taxonomy/Browser/wwwtax.cgi?id=408172,Illumina_MiSeq,AMPLICON,METAGENOMIC,PCR,paired,Two-step PCR Nextera XT CDI,460,OSD232-2019_S283_L001_R1_001.fastq.gz,c34a00f1c015fdabb6362463046a0b7025e0d5fb0e5d570b4334e50be9da30c3,OSD232-2019_S283_L001_R2_001.fastq.gz,2b7b341b0cc4d1dda75d1cd01fab5c77953603ddd83741a63ac47744e0e08131,SHA-256,water,2019-06-21T09:00:00Z/2019-06-21T13:00:00Z,40.80,14.34,marine biome [ENVO:00000447], sea water [ENVO:00002149], microbial community [PCO:1000004],Ocean Sampling Day,https://www.marineregions.org/gazetteer.php?p=details&id=25611,"OSD232, Portici Italy",not provided,0,NPL022,26.28,36.57,OSD-Jun-2019,"BRUNET, Christophe/ PASSARELI, Augusto/ RASTELLI, Eugenio, Stazione Zoologica Anton Dohrn. Naples. Italy, christophe.brunet@szn.it/ augusto.passarelli@szn.it/ eugenio.rastelli@szn.it",OSD_232_Prok,sampling water from the beach,tank,green water mass,0.95,45,Tank,sea water,not provided,0.22,none,-20
OSD232_2019-06_1_NPL022,,,,,,,,,180,OSD232-2019_S91_L001_R1_001.fastq.gz,4670dcba55b34eaeb5b2fad979d2251a67da05f71b2e9371c4acc93287896e0f,OSD232-2019_S91_L001_R2_001.fastq.gz,415a567b1228f41e7ddf872a68160ceeeb988d44cd41ff36e7d150713995b597,,,,,,,,,,,,,,,,,,,,,,,,,,,,,,
OSD237_2019-06_1_NPL022,surface water sample from the Southern Bay of Biscay,https://www.ncbi.nlm.nih.gov/Taxonomy/Browser/wwwtax.cgi?id=408172,Illumina_MiSeq,AMPLICON,METAGENOMIC,PCR,paired,Two-step PCR Nextera XT CDI,460,OSD237-2019_S285_L001_R1_001.fastq.gz,7d9cab279fb97727f4acc2c0800996b15846108eedde29818cbe5d3ab7ecb1d0,OSD237-2019_S285_L001_R2_001.fastq.gz,ece1e98b63ac6d85e469224cc4620a975f24505b8aed82ceb3918b7462b54da1,SHA-256,water,2019-06-21T12:00:00Z/2019-06-21T12:30:00Z,43.34,-3.01,marine biome [ENVO:00000447], sea water [ENVO:00002149], microbial community [PCO:1000004],Ocean Sampling Day,https://www.marineregions.org/gazetteer.php?p=details&id=25219,"OSD237, Getxo Marina Spain",not provided,1,NPL022,18.80,34.60,OSD-Jun-2019,"CANCIO, Ibon/ BLANCO, Esther/ DIAZ DE CERIO Oihane, Plentzia Marine Station, ibon.cancio@ehu.es/ esther.blanco@ehu.es/ oihane.diazdecerio@ehu.es",identification of microbial diversity in GETXO Marina and Bilbao Harbour,5l bucket (1m),by hand from floating jetty or pontoon,marina under tidal influences Bilbao river and salinity can drop to 3 psu at low tide,3.00,not provided,Sterivex,not provided,no prefiltration,0.22,none,-80
OSD237_2019-06_1_NPL022,,,,,,,,,180,OSD237-2019_S93_L001_R1_001.fastq.gz,a6548e54ae18415bebc1cd54bd4e7401ae8ecb5df17d1360e5e2287d3418fb0a,OSD237-2019_S93_L001_R2_001.fastq.gz,8d1df83d1d6f40fc907699b49be092966c437d91efa5215f72fefc569f495ada,,,,,,,,,,,,,,,,,,,,,,,,,,,,,,
OSD237_2019-06_1_NPL022,,,NovaSeq 6000,WGS,,RANDOM,,PCR-plus single index,376,CRC_DVOSDA_4_1_HYLGGDSXX.12BA072_clean.fastq.gz,854c3866caf4decbd54b79f8ce84c3c1,CRC_DVOSDA_4_2_HYLGGDSXX.12BA072_clean.fastq.gz,04f7440e7fa875ea391a5a77f65b1914,Md5,,,,,,,,,,,,,,,,,,,,,,,,,,,,,
OSD238_2019-06_1_NPL022,surface water sample from the Southern Bay of Biscay,https://www.ncbi.nlm.nih.gov/Taxonomy/Browser/wwwtax.cgi?id=408172,Illumina_MiSeq,AMPLICON,METAGENOMIC,PCR,paired,Two-step PCR Nextera XT CDI,460,OSD238-2019_S286_L001_R1_001.fastq.gz,f8d2fdd75a6b09ac9ae2512bb33c94c0268a75dc1023b4b578fad58289434e93,OSD238-2019_S286_L001_R2_001.fastq.gz,a3514f8166f8b4c0741306c4f45405345ed03d4fdfdd50cb40713179e6f3e102,SHA-256,water,2019-06-21T09:35:00Z/2019-06-21T09:47:00Z,43.42,-2.96,marine biome [ENVO:00000447], sea water [ENVO:00002149], microbial community [PCO:1000004],Ocean Sampling Day,https://www.marineregions.org/gazetteer.php?p=details&id=25219,"OSD238, Plentzia Bay Spain",not provided,1,NPL022,17.40,36.40,OSD-Jun-2019,"CANCIO, Ibon/ BLANCO, Esther/ DIAZ DE CERIO Oihane, Plentzia Marine Station, ibon.cancio@ehu.es/ esther.blanco@ehu.es/ oihane.diazdecerio@ehu.es",identification of microbial diversity of Plentzia Bay,5l bucket (1m),by hand through the deck,not provided,5.00,not provided,Sterivex,not provided,no prefiltration,0.22,none,-80
OSD238_2019-06_1_NPL022,,,,,,,,,180,OSD238-2019_S94_L001_R1_001.fastq.gz,37b4a17a390ea032f77026ab176b0ce0853b3062379eb097d46d0ea135d01e6a,OSD238-2019_S94_L001_R2_001.fastq.gz,9e0122beab1b7ad17dccf0211c2d2ff198c589d5ea307c44be17b1ebce00be8c,,,,,,,,,,,,,,,,,,,,,,,,,,,,,,
OSD238_2019-06_1_NPL022,,,NovaSeq 6000,WGS,,RANDOM,,PCR-plus single index,376,CRC_DWOSDA_4_1_HYLGGDSXX.12BA084_clean.fastq.gz,83a579a3e7c961bd0816bdf1ce4a3bdd,CRC_DWOSDA_4_2_HYLGGDSXX.12BA084_clean.fastq.gz,2e165b8f25a3bb423c3831fa9edf6be7,Md5,,,,,,,,,,,,,,,,,,,,,,,,,,,,,