EventID,SampleID,SampleID_ENA,SiteID,DateTime,Latitude,Longitude,environment (biome),environment (material),environment (feature),project name,Marine Region,Sampling Platform,Depth,Protocol Label,Sampling Campaign,SAMPLE_Objective,EVENT_Device,EVENT_Method,EVENT_Comment,SAMPLE_Quantity,SAMPLE_FiltrationTime,SAMPLE_Container,SAMPLE_Content,SAMPLE_Size-Fraction_UpperThreshold,SAMPLE_Size-Fraction_LowerThreshold,SAMPLE_Treatment_Chemicals,SAMPLE_Treatment_Storage,Temperature,Salinity,CTD_Conductivity,CTD_Fluorescence,CTD_Depth,Seawater Nutrients Concentration_Nitrate,Seawater Nutrients Concentration_Nitrate_flag,Seawater Nutrients Concentration_Nitrite,Seawater Nutrients Concentration_Nitrite_flag,Seawater Nutrients Concentration_Phosphate,Seawater Nutrients Concentration_Phosphate_flag,Seawater Nutrients Concentration_Silicate,Seawater Nutrients Concentration_Silicate_flag,Seawater Nutrients Concentration_Ammonium,Seawater Nutrients Concentration_Ammonium_flag,Seawater Chemical Properties_pH,Seawater Chemical Properties_Dissolved Oxygen concentration,Seawater Chemical Properties_Dissolved Oxygen concentration_flag,Seawater Optical Properties_Downward PAR,Seawater Optical Properties_Downward PAR_flag,Seawater Optical Properties_Turbidity,Seawater Optical Properties_Turbidity_flag,Organic Matter Concentration (Amount or Mass)_DON,Organic Matter Concentration (Amount or Mass)_POC,Organic Matter Concentration (Amount or Mass)_PON,Organic Matter Concentration (Amount or Mass)_DOC,"Organism Concentration (Amount, Volume or Mass)_Pigment concentrations","Organism Concentration (Amount, Volume or Mass)_Picoplankton","Organism Concentration (Amount, Volume or Mass)_Nano/Microplankton","Organism Concentration (Amount, Volume or Mass)_Meso/Macroplankton",Community Production Rate_Primary Production (isotope uptake),Community Production Rate_Primary Production (Oxygen),Community Production Rate_Bacterial Production (isotope uptake),Community Production Rate_Bacterial Production (respiration),ENA_BioSampleID,ENA_BioProjectID_TargetGene18S,ENA_BioProjectID_TargetGeneMG,ENA_BioProjectID_TargetGene16S
OSD100_2019-06,OSD100_2019-06_NPL022_1,OSD100_2019-06_1_NPL022,OSD100,2019-06-21T13:00:00Z,35.35,25.29,marine biome [ENVO:00000447],sea water [ENVO:00002149],microbial community [PCO:1000004],Ocean Sampling Day,https://www.marineregions.org/gazetteer.php?p=details&id=3339,HCMR dinghy boat,not provided,NPL022,OSD-Jun-2019,"surface water sampling (100lt), CTD cost, zooplankton net sampling",Niskin bottles / CTD / zooplankton net,surface water sampling with niskin 100lt CTD cost / vertical sampling zooplankton,not provided,not provided,not provided,Sterivex,particulate matter,no prefiltration,0.22,no treatment,-80,not provided,not provided,40.5000,not provided,1.00,not provided,,not provided,,not provided,,not provided,,not provided,,8.200,not provided,,not provided,,not provided,,not provided,not provided,not provided,not provided,not provided,not provided,not provided,not provided,not provided,not provided,not provided,not provided,SAMEA7422962,PRJEB40763,PRJEB40764,PRJEB40762
OSD122_2019-06,OSD122_2019-06_NPL022_1,OSD122_2019-06_1_NPL022,OSD122,2019-06-20T07:55:00Z,29.4643,34.92646,marine pelagic biome [ENVO:01000023],sea water [ENVO:00002149],microbial community [PCO:1000004],Ocean Sampling Day,https://www.marineregions.org/gazetteer.php?p=details&id=25384,self-propelled boat 48182,0,NPL022,OSD-Jun-2019,sampling for Prokaryotes,25L Jerrycan,3 acid washed 25l Jerrycans were deployed by hand from a boat,"sampling done at open sea, on surface. Water depth at sampling location-700m. Local time UTC+2",4.3,64,Sterivex,particulate matter,no prefiltration,0.22,no treatment,-80,27.62,40.90,63.8844,not provided,0.50,not provided,,not provided,,not provided,,not provided,,not provided,,not provided,not provided,,not provided,,not provided,,not provided,not provided,not provided,not provided,not provided,not provided,not provided,not provided,not provided,not provided,not provided,not provided,SAMEA7422961,PRJEB40763,PRJEB40764,PRJEB40762
OSD14_2019-06,OSD14_2019-06_NPL022_1,OSD14_2019-06_1_NPL022,OSD14,2019-06-24T09:45:00Z,42.484,3.135,marine biome [ENVO:00000447],sea water [ENVO:00002149],microbial community [PCO:1000004],Ocean Sampling Day,https://www.marineregions.org/gazetteer.php?p=details&id=25185,not provided,3,NPL022,OSD-Jun-2019,not provided,CTD probe Seabird 19 and 12L Niskin bottle,sampling and sterivex filtration,not provided,4.4,120,Sterivex,not provided,no prefiltration,0.22,no treatment,-80,20.84,37.54,not provided,not provided,not provided,not provided,,not provided,,not provided,,not provided,,0.057,,7.990,5.45,unit conversion - type 3,not provided,,not provided,,not provided,not provided,not provided,not provided,not provided,not provided,not provided,not provided,not provided,not provided,not provided,not provided,SAMEA7422986,PRJEB40763,PRJEB40764,PRJEB40762
OSD152_2019-06,OSD152_2019-06_NPL022_1,OSD152_2019-06_1_NPL022,OSD152,2019-06-20T12:40:00Z,44.6936,-63.6403,neritic epipelagic zone biome [ENVO:01000042],sea water [ENVO:00002149],microbial community [PCO:1000004],Ocean Sampling Day,https://www.marineregions.org/gazetteer.php?p=details&id=18822,CGS SIGMA T,1,NPL022,OSD-Jun-2019,Compass Buoy STN (HLO) has been sampled weekly since 1992 as part of the Bedford Basin Monitoring Program,30L Niskin bottle,NISKIN deployed on cable winch,filtered with peristaltic pump,1.16,14,Sterivex,particulate matter,no prefiltration,0.22,no treatment,-80,15.00,26.87,not provided,0.6871,1.70,discarded value,discarded value,not provided,,not provided,,not provided,,not provided,,7.040,7.50,,not provided,,not provided,,not provided,not provided,not provided,not provided,not provided,not provided,not provided,not provided,not provided,not provided,not provided,not provided,SAMEA7422960,PRJEB40763,PRJEB40764,PRJEB40762
OSD153_2019-06,OSD153_2019-06_NPL022_1,OSD153_2019-06_1_NPL022,OSD153,2019-06-07T10:30:00Z,36.99779,-7.98166,marine biome [ENVO:00000447],sea water [ENVO:00002149],microbial community [PCO:1000004],Ocean Sampling Day,https://www.marineregions.org/gazetteer.php?p=details&id=2360,on shore,0,NPL022,OSD-Jun-2019,not provided,not provided,not provided,not provided,1.46,not provided,not provided,not provided,not provided,0.22,no treatment,-80,19.10,35.07,not provided,not provided,0.20,not provided,,not provided,,not provided,,not provided,,not provided,,not provided,10.20,unit conversion - type 3,not provided,,not provided,,not provided,not provided,not provided,not provided,not provided,not provided,not provided,not provided,not provided,not provided,not provided,not provided,SAMEA7422959,PRJEB40763,PRJEB40764,PRJEB40762
OSD159_2019-06,OSD159_2019-06_NPL022_1,OSD159_2019-06_1_NPL022,OSD159,2019-06-21T06:32:00Z,48.3588,-4.5502,marine biome [ENVO:00000447],sea water [ENVO:00002149],microbial community [PCO:1000004],Ocean Sampling Day,https://www.marineregions.org/gazetteer.php?p=details&id=25220,Brest Somlit,2,NPL022,OSD-Jun-2019,Prokaryotes sampling,8L Niskin bottle,not provided,not provided,3,30,Sterivex,particulate matter,no prefiltration,0.22,no treatment,-80,15.22,34.94,43.0770,not provided,2.00,0.023,,0.030,,not provided,,3.10,,not provided,,8.010,not provided,,0.340,,not provided,,not provided,130.20,29.30,not provided,1.14,not provided,not provided,not provided,not provided,not provided,not provided,not provided,SAMEA7422958,PRJEB40763,PRJEB40764,PRJEB40762
OSD17_2019-06,OSD17_2019-06_NPL022_1,OSD17_2019-06_1_NPL022,OSD17,2019-06-24T09:40:00Z,51.4345,2.5075,marine biome [ENVO:00000447],sea water [ENVO:00002149],microbial community [PCO:1000004],Ocean Sampling Day,https://www.marineregions.org/gazetteer.php?p=details&id=26567,RV Simon Stein,3,NPL022,OSD-Jun-2019,LifeWatch and OSD,Niskin bottle,not provided,not provided,3,not provided,Sterivex,not provided,not provided,0.22,no treatment,-80,not provided,not provided,not provided,not provided,not provided,not provided,,not provided,,not provided,,not provided,,not provided,,not provided,not provided,,not provided,,not provided,,not provided,not provided,not provided,not provided,not provided,not provided,not provided,not provided,not provided,not provided,not provided,not provided,SAMEA7422985,PRJEB40763,PRJEB40764,PRJEB40762
OSD170_2019-06,OSD170_2019-06_NPL022_1,OSD170_2019-06_1_NPL022,OSD170,2019-06-24T07:20:00Z,51.2725,2.8486,marine biome [ENVO:00000447],sea water [ENVO:00002149],microbial community [PCO:1000004],Ocean Sampling Day,https://www.marineregions.org/gazetteer.php?p=details&id=26567,RV Simon Stevin,3,NPL022,OSD-Jun-2019,LifeWatch and OSD,Niskin bottle,not provided,not provided,3,not provided,Sterivex,marine sample,no prefiltration,0.22,no treatment,-80,not provided,not provided,not provided,not provided,not provided,not provided,,not provided,,not provided,,not provided,,not provided,,not provided,not provided,,not provided,,not provided,,not provided,not provided,not provided,not provided,not provided,not provided,not provided,not provided,not provided,not provided,not provided,not provided,SAMEA7422957,PRJEB40763,PRJEB40764,PRJEB40762
OSD171_2019-06,OSD171_2019-06_NPL022_1,OSD171_2019-06_1_NPL022,OSD171,2019-06-24T07:51:00Z,51.3104,2.8486,marine biome [ENVO:00000447],sea water [ENVO:00002149],microbial community [PCO:1000004],Ocean Sampling Day,https://www.marineregions.org/gazetteer.php?p=details&id=26567,RV Simon Stevin,3,NPL022,OSD-Jun-2019,LifeWatch and OSD,Niskin bottle,not provided,not provided,3,not provided,Sterivex,marine sample,no prefiltration,0.22,no treatment,-80,not provided,not provided,not provided,not provided,not provided,not provided,,not provided,,not provided,,not provided,,not provided,,not provided,not provided,,not provided,,not provided,,not provided,not provided,not provided,not provided,not provided,not provided,not provided,not provided,not provided,not provided,not provided,not provided,SAMEA7422956,PRJEB40763,PRJEB40764,PRJEB40762
OSD172_2019-06,OSD172_2019-06_NPL022_1,OSD172_2019-06_1_NPL022,OSD172,2019-06-24T12:33:00Z,51.373,3.2069,marine biome [ENVO:00000447],sea water [ENVO:00002149],microbial community [PCO:1000004],Ocean Sampling Day,https://www.marineregions.org/gazetteer.php?p=details&id=26567,RV Simon Stevin,3,NPL022,OSD-Jun-2019,LifeWatch and OSD,Niskin bottle,not provided,not provided,3,not provided,Sterivex,marine sample,no prefiltration,0.22,no treatment,-80,not provided,not provided,not provided,not provided,not provided,not provided,,not provided,,not provided,,not provided,,not provided,,not provided,not provided,,not provided,,not provided,,not provided,not provided,not provided,not provided,not provided,not provided,not provided,not provided,not provided,not provided,not provided,not provided,SAMEA7422955,PRJEB40763,PRJEB40764,PRJEB40762
OSD173_2019-06,OSD173_2019-06_NPL022_1,OSD173_2019-06_1_NPL022,OSD173,2019-06-24T11:34:00Z,51.4403,3.1369,marine biome [ENVO:00000447],sea water [ENVO:00002149],microbial community [PCO:1000004],Ocean Sampling Day,https://www.marineregions.org/gazetteer.php?p=details&id=26567,RV Simon Stevin,3,NPL022,OSD-Jun-2019,LifeWatch and OSD,Niskin bottle,not provided,not provided,3,not provided,Sterivex,marine sample,no prefiltration,0.22,no treatment,-80,not provided,not provided,not provided,not provided,not provided,not provided,,not provided,,not provided,,not provided,,not provided,,not provided,not provided,,not provided,,not provided,,not provided,not provided,not provided,not provided,not provided,not provided,not provided,not provided,not provided,not provided,not provided,not provided,SAMEA7422954,PRJEB40763,PRJEB40764,PRJEB40762
OSD174_2019-06,OSD174_2019-06_NPL022_1,OSD174_2019-06_1_NPL022,OSD174,2019-06-24T10:52:00Z,51.4711,3.0555,marine biome [ENVO:00000447],sea water [ENVO:00002149],microbial community [PCO:1000004],Ocean Sampling Day,https://www.marineregions.org/gazetteer.php?p=details&id=26567,RV Simon Stevin,3,NPL022,OSD-Jun-2019,LifeWatch and OSD,Niskin bottle,not provided,not provided,3,not provided,Sterivex,marine sample,no prefiltration,0.22,no treatment,-80,not provided,not provided,not provided,not provided,not provided,not provided,,not provided,,not provided,,not provided,,not provided,,not provided,not provided,,not provided,,not provided,,not provided,not provided,not provided,not provided,not provided,not provided,not provided,not provided,not provided,not provided,not provided,not provided,SAMEA7422953,PRJEB40763,PRJEB40764,PRJEB40762
OSD175_2019-06,OSD175_2019-06_NPL022_1,OSD175_2019-06_1_NPL022,OSD175,2019-06-25T10:00:00Z,51.3324,2.4956,marine biome [ENVO:00000447],sea water [ENVO:00002149],microbial community [PCO:1000004],Ocean Sampling Day,https://www.marineregions.org/gazetteer.php?p=details&id=26567,RV Simon Stevin,3,NPL022,OSD-Jun-2019,LifeWatch and OSD,Niskin bottle,not provided,not provided,3,not provided,Sterivex,marine sample,no prefiltration,0.22,no treatment,-80,not provided,not provided,not provided,not provided,not provided,not provided,,not provided,,not provided,,not provided,,not provided,,not provided,not provided,,not provided,,not provided,,not provided,not provided,not provided,not provided,not provided,not provided,not provided,not provided,not provided,not provided,not provided,not provided,SAMEA7422952,PRJEB40763,PRJEB40764,PRJEB40762
OSD176_2019-06,OSD176_2019-06_NPL022_1,OSD176_2019-06_1_NPL022,OSD176,2019-06-25T10:56:00Z,51.2752,2.61158,marine biome [ENVO:00000447],sea water [ENVO:00002149],microbial community [PCO:1000004],Ocean Sampling Day,https://www.marineregions.org/gazetteer.php?p=details&id=26567,RV Simon Stevin,3,NPL022,OSD-Jun-2019,LifeWatch and OSD,Niskin bottle,not provided,not provided,3,not provided,Sterivex,marine sample,no prefiltration,0.22,no treatment,-80,not provided,not provided,not provided,not provided,not provided,not provided,,not provided,,not provided,,not provided,,not provided,,not provided,not provided,,not provided,,not provided,,not provided,not provided,not provided,not provided,not provided,not provided,not provided,not provided,not provided,not provided,not provided,not provided,SAMEA7422951,PRJEB40763,PRJEB40764,PRJEB40762
OSD177_2019-06,OSD177_2019-06_NPL022_1,OSD177_2019-06_1_NPL022,OSD177,2019-06-25T12:37:00Z,51.184,2.6991,marine biome [ENVO:00000447],sea water [ENVO:00002149],microbial community [PCO:1000004],Ocean Sampling Day,https://www.marineregions.org/gazetteer.php?p=details&id=26567,RV Simon Stevin,3,NPL022,OSD-Jun-2019,LifeWatch and OSD,Niskin bottle,not provided,not provided,3,not provided,Sterivex,marine sample,no prefiltration,0.22,no treatment,-80,not provided,not provided,not provided,not provided,not provided,not provided,,not provided,,not provided,,not provided,,not provided,,not provided,not provided,,not provided,,not provided,,not provided,not provided,not provided,not provided,not provided,not provided,not provided,not provided,not provided,not provided,not provided,not provided,SAMEA7422950,PRJEB40763,PRJEB40764,PRJEB40762
OSD2_2019-06,OSD2_2019-06_NPL022_1,OSD2_2019-06_1_NPL022,OSD2,2019-06-26T13:05:00Z,48.7778,-3.9375,neritic epipelagic zone biome [ENVO:01000042],sea water [ENVO:00002149],microbial community [PCO:1000004],Ocean Sampling Day,https://www.marineregions.org/gazetteer.php?p=details&id=2389,RV Neomysis,1,NPL022,OSD-Jun-2019,not provided,Hand pump,Hand pumping,few wind and foggy,4,50,Sterivex,particulate matter,no prefiltration,0.22,no treatment,-80,14.16,35.21,not provided,0.5163,1.00,1.300,,0.140,,0.180,,1.60,,0.960,,7.882,5.94,unit conversion - type 3,0.906,unit conversion - type 1,not provided,,not provided,not provided,not provided,not provided,0.34,not provided,not provided,not provided,not provided,not provided,not provided,not provided,SAMEA7422988,PRJEB40763,PRJEB40764,PRJEB40762
OSD210_2019-06,OSD210_2019-06_NPL022_1,OSD210_2019-06_1_NPL022,OSD210,2019-06-21T05:40:00Z,43.108,3.081,coastal wetland ecosystem [ENVO:00000230],sea water [ENVO:00002149],microbial community [PCO:1000004],Ocean Sampling Day,https://www.marineregions.org/gazetteer.php?p=details&id=25185,none,0,NPL022,OSD-Jun-2019,not provided,not provided,not provided,not provided,2.6,40,Sterivex,not provided,no prefiltration,0.22,no treatment,-80,22.00,41.00,not provided,not provided,not provided,not provided,,not provided,,not provided,,not provided,,not provided,,not provided,not provided,,not provided,,not provided,,not provided,not provided,not provided,not provided,not provided,not provided,not provided,not provided,not provided,not provided,not provided,not provided,SAMEA7422949,PRJEB40763,PRJEB40764,PRJEB40762
OSD211_2019-06,OSD211_2019-06_NPL022_1,OSD211_2019-06_1_NPL022,OSD211,2019-06-21T06:50:00Z,42.967,3.003,coastal wetland ecosystem [ENVO:00000230],sea water [ENVO:00002149],microbial community [PCO:1000004],Ocean Sampling Day,https://www.marineregions.org/gazetteer.php?p=details&id=25185,none,0,NPL022,OSD-Jun-2019,not provided,not provided,not provided,not provided,1.33,45,Sterivex,not provided,no prefiltration,0.22,no treatment,-80,21.90,36.00,not provided,not provided,not provided,not provided,,not provided,,not provided,,not provided,,not provided,,not provided,not provided,,not provided,,not provided,,not provided,not provided,not provided,not provided,not provided,not provided,not provided,not provided,not provided,not provided,not provided,not provided,SAMEA7422948,PRJEB40763,PRJEB40764,PRJEB40762
OSD219_2019-06,OSD219_2019-06_NPL022_1,OSD219_2019-06_1_NPL022,OSD219,2019-06-21T11:44:00Z,53.2089,-9.272833333,marine biome [ENVO:00000447],sea water [ENVO:00002149],microbial community [PCO:1000004],Ocean Sampling Day,https://www.marineregions.org/gazetteer.php?p=details&id=25361,RV Celtic Voyager,1,NPL022,OSD-Jun-2019,not provided,CTD,not provided,not provided,2,43,Sterivex,particulate matter,no prefiltration,0.22,no treatment,-20 to -71,14.70,33.83,not provided,not provided,not provided,not provided,,not provided,,not provided,,not provided,,not provided,,not provided,not provided,,not provided,,not provided,,not provided,not provided,not provided,not provided,not provided,not provided,not provided,not provided,not provided,not provided,not provided,not provided,SAMEA7422947,PRJEB40763,not provided,PRJEB40762
OSD22_2019-06,OSD22_2019-06_NPL022_1,OSD22_2019-06_1_NPL022,OSD22,2019-06-21T06:29:00Z,43.3008,5.20583,marine biome [ENVO:00000447],sea water [ENVO:00002149],microbial community [PCO:1000004],Ocean Sampling Day,https://www.marineregions.org/gazetteer.php?p=details&id=25185,Research Boat - Antedon II,2,NPL022,OSD-Jun-2019,prokaryotes diversity in the Bay of Marseille,3 x 18L Single Niskin bottle,not provided,not provided,5,35,Sterivex,not provided,not provided,0.22,no treatment,-80,20.36,38.30,51.9800,not provided,2.00,not provided,,not provided,,not provided,,not provided,,not provided,,not provided,5.23,unit conversion - type 3,not provided,,not provided,,not provided,not provided,not provided,not provided,not provided,not provided,not provided,not provided,not provided,not provided,not provided,not provided,SAMEA7422983,PRJEB40763,PRJEB40764,PRJEB40762
OSD223_2019-06,OSD223_2019-06_NPL022_1,OSD223_2019-06_1_NPL022,OSD223,2019-06-21T09:00:00Z,54.479932,18.57114,marginal sea biome [ENVO:01000046],sea water [ENVO:00002149],microbial community [PCO:1000004],Ocean Sampling Day,https://www.marineregions.org/gazetteer.php?p=details&id=25674,not provided,0,NPL022,OSD-Jun-2019,Prokaryotes,10% acid washed buckets,vacuum pump (mechanical),not provided,0.5,40,Sterivex,particulate matter,no prefiltration,0.22,no treatment,-80,20.80,6.30,not provided,not provided,not provided,not provided,,not provided,,not provided,,not provided,,not provided,,not provided,not provided,,not provided,,not provided,,not provided,not provided,not provided,not provided,not provided,not provided,not provided,not provided,not provided,not provided,not provided,not provided,SAMEA7422946,PRJEB40763,PRJEB40764,PRJEB40762
OSD224_2019-06,OSD224_2019-06_NPL022_1,OSD224_2019-06_1_NPL022,OSD224,2019-06-21T11:30:00Z,53.001816,4.789026,marine biome [ENVO:00000447],sea water [ENVO:00002149],microbial community [PCO:1000004],Ocean Sampling Day,https://www.marineregions.org/gazetteer.php?p=details&id=26877,not provided,1,NPL022,OSD-Jun-2019,determining microbial composition at interface of the North Sea and Wadden Sea,Niskin bottle,"1m depth water collected from the NIOZ pier ""Jetty""",not provided,1.8,20,Sterivex,sterivex-filtered seawater,no prefiltration,0.22,no treatment,-80,16.70,30.85,not provided,not provided,not provided,not provided,,not provided,,not provided,,not provided,,not provided,,8.300,not provided,,not provided,,not provided,,not provided,not provided,not provided,not provided,not provided,not provided,not provided,not provided,not provided,not provided,not provided,not provided,SAMEA7422945,PRJEB40763,PRJEB40764,PRJEB40762
OSD227_2019-06,OSD227_2019-06_NPL022_1,OSD227_2019-06_1_NPL022,OSD227,2019-06-27T12:30:00Z,48.6698,-3.886,estuarine biome [ENVO:01000020],sea water [ENVO:00002149],microbial community [PCO:1000004],Ocean Sampling Day,https://www.marineregions.org/gazetteer.php?p=details&id=2389,not provided,1,NPL022,OSD-Jun-2019,not provided,hand pump,hand pumping,"Northeast wind (53.2o), 45.6km/h (max 54km/h), cloudy",1.9,35,Sterivex,particulate matter,no prefiltration,0.22,no treatment,-80,17.13,34.98,not provided,2.4100,1.25,not provided,,not provided,,not provided,,not provided,,not provided,,not provided,not provided,,1.100,unit conversion - type 1,not provided,,not provided,not provided,not provided,not provided,not provided,not provided,not provided,not provided,not provided,not provided,not provided,not provided,SAMEA7422944,PRJEB40763,PRJEB40764,PRJEB40762
OSD232_2019-06,OSD232_2019-06_NPL022_1,OSD232_2019-06_1_NPL022,OSD232,2019-06-21T09:00:00Z,40.803126,14.340037,marine biome [ENVO:00000447],sea water [ENVO:00002149],microbial community [PCO:1000004],Ocean Sampling Day,https://www.marineregions.org/gazetteer.php?p=details&id=25611,not provided,0,NPL022,OSD-Jun-2019,OSD_232_Prok,sampling water from the beach,tank,green water mass,0.95,45,Tank,sea water,not provided,0.22,no treatment,-20,26.28,36.57,56.5000,not provided,0.00,not provided,,not provided,,not provided,,not provided,,not provided,,8.070,8.44,unit conversion - type 3,not provided,,not provided,,not provided,not provided,not provided,not provided,not provided,not provided,not provided,not provided,not provided,not provided,not provided,not provided,SAMEA7422943,PRJEB40763,not provided,PRJEB40762
OSD237_2019-06,OSD237_2019-06_NPL022_1,OSD237_2019-06_1_NPL022,OSD237,2019-06-21T12:00:00Z,43.3387,-3.0145,marine biome [ENVO:00000447],sea water [ENVO:00002149],microbial community [PCO:1000004],Ocean Sampling Day,https://www.marineregions.org/gazetteer.php?p=details&id=25219,not provided,1,NPL022,OSD-Jun-2019,identification of microbial diversity in GETXO Marina and Bilbao Harbour,5l bucket (1m),by hand from floating jetty or pontoon,marina under tidal influences Bilbao river and salinity can drop to 3 psu at low tide,3,not provided,Sterivex,not provided,no prefiltration,0.22,no treatment,-80,18.80,34.60,46.2181,not provided,4.00,not provided,,not provided,,not provided,,not provided,,not provided,,8.380,9.00,unit conversion - type 3,not provided,,0.58,unit conversion - type 4,not provided,not provided,not provided,not provided,not provided,not provided,not provided,not provided,not provided,not provided,not provided,not provided,SAMEA7422942,PRJEB40763,PRJEB40764,PRJEB40762
OSD238_2019-06,OSD238_2019-06_NPL022_1,OSD238_2019-06_1_NPL022,OSD238,2019-06-21T09:35:00Z,43.42472,-2.959722,marine biome [ENVO:00000447],sea water [ENVO:00002149],microbial community [PCO:1000004],Ocean Sampling Day,https://www.marineregions.org/gazetteer.php?p=details&id=25219,not provided,1,NPL022,OSD-Jun-2019,identification of microbial diversity of Plentzia Bay,5l bucket (1m),by hand through the deck,not provided,5,not provided,Sterivex,not provided,no prefiltration,0.22,no treatment,-80,17.40,36.40,46.8940,not provided,9.10,not provided,,not provided,,not provided,,not provided,,not provided,,8.180,8.09,unit conversion - type 3,not provided,,0.19,unit conversion - type 4,not provided,not provided,not provided,not provided,not provided,not provided,not provided,not provided,not provided,not provided,not provided,not provided,SAMEA7422941,PRJEB40763,PRJEB40764,PRJEB40762
OSD24_2019-06,OSD24_2019-06_NPL022_1,OSD24_2019-06_1_NPL022,OSD24,2019-06-21T11:47:00Z,35.1927,-2.88005,marine biome [ENVO:00000447],sea water [ENVO:00002149],microbial community [PCO:1000004],Ocean Sampling Day,https://www.marineregions.org/gazetteer.php?p=details&id=25602,not provided,1,NPL022,OSD-Jun-2019,not provided,5L bucket,the water was collected in a 5L buckets in a specific geolocation using a boat,not provided,1.08,43,Cryovial 5ml,particulate matter on a 142 mm PC membrane,no prefiltration,0.22,no treatment,-80,25.00,38.18,55.5000,not provided,not provided,not provided,,not provided,,discarded value,discarded value,not provided,,not provided,,8.080,not provided,,not provided,,3.97,unit conversion - type 4,not provided,not provided,not provided,not provided,not provided,not provided,not provided,not provided,not provided,not provided,not provided,not provided,SAMEA7422982,PRJEB40763,PRJEB40764,PRJEB40762
OSD26_2019-06,OSD26_2019-06_NPL022_1,OSD26_2019-06_1_NPL022,OSD26,2019-06-21T11:00:00Z,35.82,-5.75,marine biome [ENVO:00000447],sea water [ENVO:00002149],microbial community [PCO:1000004],Ocean Sampling Day,https://www.marineregions.org/gazetteer.php?p=details&id=8367,not provided,1,NPL022,OSD-Jun-2019,not provided,5L bucket,the water was collected in a 5L buckets from the coastline,not provided,1.44,49,Cryovial 5ml,particulate matter on a 142 mm PC membrane,no prefiltration,0.22,no treatment,-80,23.50,not provided,11.2900,not provided,1.00,not provided,,not provided,,discarded value,discarded value,not provided,,not provided,,8.120,not provided,,not provided,,5.98,unit conversion - type 4,not provided,not provided,not provided,not provided,not provided,not provided,not provided,not provided,not provided,not provided,not provided,not provided,SAMEA7422981,PRJEB40763,PRJEB40764,PRJEB40762
OSD39_2019-06,OSD39_2019-06_NPL022_1,OSD39_2019-06_1_NPL022,OSD39,2019-06-21T10:39:00Z,32.752858,-79.899766,marine biome [ENVO:00000447],sea water [ENVO:00002149],microbial community [PCO:1000004],Ocean Sampling Day,https://www.marineregions.org/gazetteer.php?p=details&id=18952,off cove by South Carolina Department at Natural Resources,1,NPL022,OSD-Jun-2019,not provided,2L Nalgene bottle,Submerged under surface to fill the bottle by hand,Prokaryotic samples,1,376,Sterivex,particulate matter,not provided,0.22,no treatment,-80,28.01,21.13,33.8100,not provided,1.00,not provided,,not provided,,not provided,,not provided,,not provided,,7.770,6.72,unit conversion - type 3,not provided,,not provided,,not provided,not provided,not provided,not provided,not provided,not provided,not provided,not provided,not provided,not provided,not provided,not provided,SAMEA7422980,PRJEB40763,PRJEB40764,PRJEB40762
OSD4_2019-06,OSD4_2019-06_NPL022_1,OSD4_2019-06_1_NPL022,OSD4,2019-06-21T10:20:00Z,40.808,14.25,marine biome [ENVO:00000447],sea water [ENVO:00002149],microbial community [PCO:1000004],Ocean Sampling Day,https://www.marineregions.org/gazetteer.php?p=details&id=25611,not provided,0,NPL022,OSD-Jun-2019,not provided,Niskin bottle,not provided,not provided,1,40,Sterivex,not provided,no prefiltration,0.22,no treatment,-80,26.00,37.11,not provided,not provided,not provided,not provided,,not provided,,not provided,,not provided,,not provided,,not provided,not provided,,not provided,,not provided,,not provided,not provided,not provided,not provided,not provided,not provided,not provided,not provided,not provided,not provided,not provided,not provided,SAMEA7422987,PRJEB40763,PRJEB40764,PRJEB40762
OSD43_2019-06,OSD43_2019-06_NPL022_1,OSD43_2019-06_1_NPL022,OSD43,2019-06-21T12:10:00Z,32.86698,-117.25725,marine biome [ENVO:00000447],sea water [ENVO:00002149],microbial community [PCO:1000004],Ocean Sampling Day,https://www.marineregions.org/gazetteer.php?p=details&id=25365,Pier with bucket,0,NPL022,OSD-Jun-2019,not provided,Bucket (RNAse Away + Ethanol closed rihese 2x securelor),Pier wench,not provided,3,68,Sterivex,particulate matter,not provided,0.22,no treatment,-80,18.33,34.00,not provided,not provided,0.00,not provided,,not provided,,not provided,,not provided,,not provided,,not provided,not provided,,not provided,,not provided,,not provided,not provided,not provided,not provided,not provided,not provided,not provided,not provided,not provided,not provided,not provided,not provided,SAMEA7422979,PRJEB40763,PRJEB40764,PRJEB40762
OSD47_2019-06,OSD47_2019-06_NPL022_1,OSD47_2019-06_1_NPL022,OSD47,2019-06-21T10:45:00Z,45.502,12.4176,lagoon [ENVO:00000038],sea water [ENVO:00002149],microbial community [PCO:1000004],Ocean Sampling Day,https://www.marineregions.org/gazetteer.php?p=details&id=3611,UNIPD Boat,0,NPL022,OSD-Jun-2019,not provided,10L Bottle,Bottle immersion on sea surface by hand,not provided,0.42,4,Sterivex,particulate matter,no prefiltration,0.22,no treatment,-80,not provided,not provided,not provided,not provided,not provided,not provided,,not provided,,not provided,,not provided,,not provided,,not provided,not provided,,not provided,,not provided,,not provided,not provided,not provided,not provided,not provided,not provided,not provided,not provided,not provided,not provided,not provided,not provided,SAMEA7422978,PRJEB40763,PRJEB40764,PRJEB40762
OSD48_2019-06,OSD48_2019-06_NPL022_1,OSD48_2019-06_1_NPL022,OSD48,2019-06-21T08:28:00Z,45.4125,12.5265,marine biome [ENVO:00000447],sea water [ENVO:00002149],microbial community [PCO:1000004],Ocean Sampling Day,https://www.marineregions.org/gazetteer.php?p=details&id=3610,UNIPD Boat,0,NPL022,OSD-Jun-2019,not provided,10L Bottle,Bottle immersion on sea surface by hand,not provided,0.66,9,Sterivex,particulate matter,no prefiltration,0.22,no treatment,-80,not provided,not provided,not provided,not provided,not provided,not provided,,not provided,,not provided,,not provided,,not provided,,not provided,not provided,,not provided,,not provided,,not provided,not provided,not provided,not provided,not provided,not provided,not provided,not provided,not provided,not provided,not provided,not provided,SAMEA7422977,PRJEB40763,PRJEB40764,PRJEB40762
OSD49_2019-06,OSD49_2019-06_NPL022_1,OSD49_2019-06_1_NPL022,OSD49,2019-06-21T12:00:00Z,45.53333333,13.55,marine biome [ENVO:00000447],sea water [ENVO:00002149],microbial community [PCO:1000004],Ocean Sampling Day,https://www.marineregions.org/gazetteer.php?p=details&id=3385,Boja Vida,0,NPL022,OSD-Jun-2019,not provided,Sampling with boat (hired Piran Aquarium),Sampling with Niskin bottle at 5m depth (Clean bucket),Cleaning and sampling was performed according to the OSD protocol,0.5,120,Sterivex,particulate matter,no prefiltration,0.22,no treatment,-80,24.70,37.10,not provided,not provided,not provided,not provided,,not provided,,not provided,,not provided,,not provided,,not provided,not provided,,not provided,,not provided,,not provided,not provided,not provided,not provided,not provided,not provided,not provided,not provided,not provided,not provided,not provided,not provided,SAMEA7422976,PRJEB40763,PRJEB40764,PRJEB40762
OSD54_2019-06,OSD54_2019-06_NPL022_1,OSD54_2019-06_1_NPL022,OSD54,2019-06-21T11:35:00Z,43.844,-69.6409,marine biome [ENVO:00000447],sea water [ENVO:00002149],microbial community [PCO:1000004],Ocean Sampling Day,https://www.marineregions.org/gazetteer.php?p=details&id=25365,Floating Dock,1,NPL022,OSD-Jun-2019,collect samples off the Booth Bay Harbor Dock as part of a time series for DNA analysis and flow cytometry,5L Niskin Bottle,4 x 5L Niskin to fill a 20 L carboy,"Prokaryotic samples, not prefiltered",1.15,60,Sterivex,particulate matter,no prefiltration,0.22,no treatment,-80,15.10,29.00,not provided,not provided,1.00,not provided,,not provided,,not provided,,not provided,,not provided,,not provided,not provided,,not provided,,not provided,,not provided,not provided,not provided,not provided,not provided,not provided,not provided,not provided,not provided,not provided,not provided,not provided,SAMEA7422975,PRJEB40763,not provided,PRJEB40762
OSD55_2019-06,OSD55_2019-06_NPL022_1,OSD55_2019-06_1_NPL022,OSD55,2019-06-21T11:39:00Z,43.8604,-69.5781,marine biome [ENVO:00000447],sea water [ENVO:00002149],microbial community [PCO:1000004],Ocean Sampling Day,https://www.marineregions.org/gazetteer.php?p=details&id=25365,Floating Dock,1,NPL022,OSD-Jun-2019,collect samples of the Damariscotta river water for DNA analysis and flow cytometry,2.5L Niskin Bottle,9 x 2.5L Nisktin deployed to fill a 20L carboy,"Prokaryotic samples, not prefiltered",3,60,Sterivex,particulate matter,no prefiltration,0.22,no treatment,-80,11.40,31.00,not provided,not provided,1.00,not provided,,not provided,,not provided,,not provided,,not provided,,not provided,not provided,,not provided,,not provided,,not provided,not provided,not provided,not provided,not provided,not provided,not provided,not provided,not provided,not provided,not provided,not provided,SAMEA7422974,PRJEB40763,PRJEB40764,PRJEB40762
OSD60_2019-06,OSD60_2019-06_NPL022_1,OSD60_2019-06_1_NPL022,OSD60,2019-06-21T11:40:00Z,33.32995,-79.16611,marine biome [ENVO:00000447],sea water [ENVO:00002149],microbial community [PCO:1000004],Ocean Sampling Day,https://www.marineregions.org/gazetteer.php?p=details&id=25365,Jon Boat,0,NPL022,OSD-Jun-2019,not provided,2L Nalgene bottles,"Hand dipped, submerged under water to fill bottle",Prokaryotic samples,0.6,86,Sterivex,particulate matter,no prefiltration,0.22,no treatment,-80,26.80,34.56,52.6000,not provided,1.00,not provided,,not provided,,not provided,,not provided,,not provided,,7.820,6.68,unit conversion - type 3,not provided,,not provided,,not provided,not provided,not provided,not provided,not provided,not provided,not provided,not provided,not provided,not provided,not provided,not provided,SAMEA7422973,PRJEB40763,PRJEB40764,PRJEB40762
OSD63_2019-06,OSD63_2019-06_NPL022_1,OSD63_2019-06_1_NPL022,OSD63,2019-06-21T10:00:00Z,45.31435,12.508317,marine biome [ENVO:00000447],sea water [ENVO:00002149],microbial community [PCO:1000004],Ocean Sampling Day,https://www.marineregions.org/gazetteer.php?p=details&id=3610,"CNR ""LITUS"" Boat`",0,NPL022,OSD-Jun-2019,not provided,Washed bucket,not provided,not provided,1.3,40,Sterivex,particulate matter,no prefiltration,0.22,no treatment,-80,25.47,32.04,49.5028,not provided,not provided,not provided,,not provided,,not provided,,not provided,,not provided,,not provided,not provided,,not provided,,not provided,,25.47,not provided,not provided,not provided,not provided,not provided,not provided,not provided,not provided,not provided,not provided,not provided,SAMEA7422972,PRJEB40763,PRJEB40764,PRJEB40762
OSD69_2019-06,OSD69_2019-06_NPL022_1,OSD69_2019-06_1_NPL022,OSD69,2019-06-21T13:50:00Z,45.4568,12.2605,lagoon [ENVO:00000038],sea water [ENVO:00002149],microbial community [PCO:1000004],Ocean Sampling Day,https://www.marineregions.org/gazetteer.php?p=details&id=3611,UNIPD Boat,0,NPL022,OSD-Jun-2019,not provided,10L Bottle,Bottle immersion on sea surface by hand,not provided,0.48,5,Sterivex,particulate matter,no prefiltration,0.22,no treatment,-80,not provided,not provided,not provided,not provided,not provided,not provided,,not provided,,not provided,,not provided,,not provided,,not provided,not provided,,not provided,,not provided,,not provided,not provided,not provided,not provided,not provided,not provided,not provided,not provided,not provided,not provided,not provided,not provided,SAMEA7422971,PRJEB40763,PRJEB40764,PRJEB40762
OSD70_2019-06,OSD70_2019-06_NPL022_1,OSD70_2019-06_1_NPL022,OSD70,2019-06-21T07:52:00Z,45.4142,12.4378,mediterranean sea biome [ENVO:01000047],sea water [ENVO:00002149],microbial community [PCO:1000004],Ocean Sampling Day,https://www.marineregions.org/gazetteer.php?p=details&id=3610,UNIPD Boat,0,NPL022,OSD-Jun-2019,not provided,10L Bottle,Bottle immersion on sea surface by hand,not provided,0.66,10,Sterivex,particulate matter,no prefiltration,0.22,no treatment,-80,not provided,not provided,not provided,not provided,not provided,not provided,,not provided,,not provided,,not provided,,not provided,,not provided,not provided,,not provided,,not provided,,not provided,not provided,not provided,not provided,not provided,not provided,not provided,not provided,not provided,not provided,not provided,not provided,SAMEA7422970,PRJEB40763,PRJEB40764,PRJEB40762
OSD76_2019-06,OSD76_2019-06_NPL022_1,OSD76_2019-06_1_NPL022,OSD76,2019-06-21T10:00:00Z,43.95694444,12.93611111,marine biome [ENVO:00000447],sea water [ENVO:00002149],microbial community [PCO:1000004],Ocean Sampling Day,https://www.marineregions.org/gazetteer.php?p=details&id=25615,Athena Research Vessel Vilaiuo,1,NPL022,OSD-Jun-2019,prokaryotes,10L Tanks / Multiprope,Pump,not provided,0.53,20,Sterivex,particulate matter,no prefiltration,0.22,no treatment,-80,25.22,33.27,50.9500,not provided,0.50,1.460,unit conversion - type 2,0.013,unit conversion - type 2,0.014,unit conversion - type 2,7.37,unit conversion - type 2,0.440,unit conversion - type 2,8.330,7.13,unit conversion - type 3,not provided,,not provided,,not provided,not provided,not provided,not provided,not provided,not provided,not provided,not provided,not provided,not provided,not provided,not provided,SAMEA7422969,PRJEB40763,PRJEB40764,PRJEB40762
OSD77_2019-06,OSD77_2019-06_NPL022_1,OSD77_2019-06_1_NPL022,OSD77,2019-06-21T10:00:00Z,43.85138889,13.07305556,marine biome [ENVO:00000447],sea water [ENVO:00002149],microbial community [PCO:1000004],Ocean Sampling Day,https://www.marineregions.org/gazetteer.php?p=details&id=25615,Athena Research Vessel Uzlaiuo,1,NPL022,OSD-Jun-2019,prokaryotes,10L Tanks / Multiprope,Pump,not provided,0.46,20,Sterivex,particulate matter,no prefiltration,0.22,no treatment,-80,26.19,33.57,50.9600,not provided,0.50,2.650,unit conversion - type 2,0.055,unit conversion - type 2,0.048,unit conversion - type 2,7.43,unit conversion - type 2,0.240,unit conversion - type 2,8.330,7.20,unit conversion - type 3,not provided,,not provided,,not provided,not provided,not provided,not provided,not provided,not provided,not provided,not provided,not provided,not provided,not provided,not provided,SAMEA7422968,PRJEB40763,PRJEB40764,PRJEB40762
OSD78_2019-06,OSD78_2019-06_NPL022_1,OSD78_2019-06_1_NPL022,OSD78,2019-06-21T09:00:00Z,43.57,13.595,marine biome [ENVO:00000447],sea water [ENVO:00002149],microbial community [PCO:1000004],Ocean Sampling Day,https://www.marineregions.org/gazetteer.php?p=details&id=25615,not provided,0,NPL022,OSD-Jun-2019,OSD_78_Prok,Sampling water from the beach,Tank,Clear water mass,1.1,80,Tank,sea water,not provided,0.22,no treatment,-20,24.90,35.09,53.0430,not provided,0.00,not provided,,not provided,,not provided,,not provided,,not provided,,8.480,7.19,unit conversion - type 3,not provided,,not provided,,not provided,not provided,not provided,not provided,not provided,not provided,not provided,not provided,not provided,not provided,not provided,not provided,SAMEA7422967,PRJEB40763,PRJEB40764,PRJEB40762
OSD81_2019-06,OSD81_2019-06_NPL022_1,OSD81_2019-06_1_NPL022,OSD81,2019-06-07T10:20:00Z,37.00505,-7.97312,marine biome [ENVO:00000447],sea water [ENVO:00002149],microbial community [PCO:1000004],Ocean Sampling Day,https://www.marineregions.org/gazetteer.php?p=details&id=5349,Channel on shore,0,NPL022,OSD-Jun-2019,not provided,not provided,not provided,not provided,1.29,not provided,not provided,not provided,not provided,0.22,no treatment,-80,19.30,36.97,49.5930,not provided,0.20,not provided,,not provided,,not provided,,not provided,,not provided,,7.990,12.42,unit conversion - type 3,not provided,,not provided,,not provided,not provided,not provided,not provided,not provided,not provided,not provided,not provided,not provided,not provided,not provided,not provided,SAMEA7422966,PRJEB40763,PRJEB40764,PRJEB40762
OSD91_2019-06,OSD91_2019-06_NPL022_1,OSD91_2019-06_1_NPL022,OSD91,2019-06-21T11:10:00Z,32.73853,-9.03903,marine biome [ENVO:00000447],sea water [ENVO:00002149],microbial community [PCO:1000004],Ocean Sampling Day,https://www.marineregions.org/gazetteer.php?p=details&id=25322,not provided,1,NPL022,OSD-Jun-2019,not provided,5L bucket,the water was collected in a 5L buckets in a specific geolocation,not provided,1.05,34,Cryovial 5ml,particulate matter on a 142 mm PC membrane,no prefiltration,0.22,no treatment,-80,18.20,not provided,54.4000,not provided,1.00,not provided,,not provided,,discarded value,discarded value,not provided,,not provided,,8.190,not provided,,not provided,,4.22,unit conversion - type 4,not provided,not provided,not provided,not provided,not provided,not provided,not provided,not provided,not provided,not provided,not provided,not provided,SAMEA7422965,PRJEB40763,PRJEB40764,PRJEB40762
OSD92_2019-06,OSD92_2019-06_NPL022_1,OSD92_2019-06_1_NPL022,OSD92,2019-06-21T11:05:00Z,33.58392,-7.70064,marine biome [ENVO:00000447],sea water [ENVO:00002149],microbial community [PCO:1000004],Ocean Sampling Day,https://www.marineregions.org/gazetteer.php?p=details&id=25322,not provided,1,NPL022,OSD-Jun-2019,not provided,5L bucket,the water was collected in a 5L buckets in a specific geolocation,not provided,1.09,43,Cryovial 5ml,particulate matter on a 142 mm PC membrane,no prefiltration,0.22,no treatment,-80,15.10,not provided,53.3000,not provided,1.00,not provided,,not provided,,discarded value,discarded value,not provided,,not provided,,8.010,not provided,,not provided,,4.15,unit conversion - type 4,not provided,not provided,not provided,not provided,not provided,not provided,not provided,not provided,not provided,not provided,not provided,not provided,SAMEA7422964,PRJEB40763,PRJEB40764,PRJEB40762
OSD99_2019-06,OSD99_2019-06_NPL022_1,OSD99_2019-06_1_NPL022,OSD99,2019-06-19T10:20:00Z,45.7009,13.71,marine biome [ENVO:00000447],sea water [ENVO:00002149],microbial community [PCO:1000004],Ocean Sampling Day,https://www.marineregions.org/gazetteer.php?p=details&id=25615,Vessel - Niskin,1,NPL022,OSD-Jun-2019,bacterial community global sampling,Niskin bottle,Niskin and acid washed tunnel,not provided,1.91,85,Sterivex,particulate matter/ sea water,no prefiltration,0.22,no treatment,-80,19.96,35.96,not provided,not provided,1.00,not provided,,not provided,,not provided,,not provided,,not provided,,8.070,not provided,,not provided,,not provided,,not provided,not provided,not provided,not provided,not provided,not provided,not provided,not provided,not provided,not provided,not provided,not provided,SAMEA7422963,PRJEB40763,PRJEB40764,PRJEB40762
